{
  "dependencies": {
    "lattice": {
      "underscore": {
        "count": 260,
        "relative": 0.4805914972273567
      },
      "express": {
        "count": 55,
        "relative": 0.10166358595194085
      },
      "jquery": {
        "count": 48,
        "relative": 0.08872458410351201
      },
      "socket.io": {
        "count": 36,
        "relative": 0.066543438077634
      },
      "lodash": {
        "count": 34,
        "relative": 0.06284658040665435
      },
      "async": {
        "count": 29,
        "relative": 0.053604436229205174
      },
      "request": {
        "count": 24,
        "relative": 0.04436229205175601
      },
      "browserify": {
        "count": 19,
        "relative": 0.03512014787430684
      },
      "handlebars": {
        "count": 19,
        "relative": 0.03512014787430684
      },
      "requirejs": {
        "count": 17,
        "relative": 0.031423290203327174
      },
      "total": {
        "subset": 541,
        "absolute": 1498
      }
    },
    "names": [
      "async",
      "browserify",
      "express",
      "handlebars",
      "jquery",
      "lodash",
      "request",
      "requirejs",
      "socket.io",
      "underscore"
    ],
    "matrix": [
      [
        0,
        0.06098222100141492,
        4.281201107029775,
        0.3025171748437959,
        0.0191654408978276,
        5.878484510417386,
        9.807679886304006,
        0.006775802333490547,
        0.3583895449118967,
        25.855579730329243
      ],
      [
        0.5311922365988909,
        0,
        0.5311922365988909,
        0.023901211747792157,
        0.012194495789689874,
        0.08889787430683918,
        0.08889787430683918,
        0.00012194495789689875,
        0.04402212980078045,
        0.4102228383651674
      ],
      [
        12.857584597343704,
        0.18314581489108947,
        0,
        0.2240551073357704,
        0.035359419266163046,
        1.533825177465986,
        5.60137768339426,
        0.10094882955773779,
        8.288483325153768,
        17.65465111479064
      ],
      [
        1.3798386825743572,
        0.01251554360611662,
        0.3402823054948748,
        0,
        0.0091950932616367,
        0.26978659048899345,
        0.14105528482607962,
        0.014367333221307342,
        0.04655015963703579,
        1.4367333221307343
      ],
      [
        0.5039998159240994,
        0.03681518012593859,
        0.3096156648591436,
        0.05301385938135158,
        0,
        0.0445463679523857,
        0.6188631779170278,
        0.07215775304683965,
        0.06221765441283623,
        2.0159992636963975
      ],
      [
        19.69367947692223,
        0.034190415758545534,
        1.710974701354595,
        0.19815433001351837,
        0.005674952409854609,
        0,
        4.109228349932408,
        0.01519574033713135,
        0.17451651171131405,
        0.02481032913068668
      ],
      [
        12.431538632162662,
        0.012936044362292053,
        2.3640665434380774,
        0.03919852125693161,
        0.029829205175600743,
        1.5547386321626617,
        0,
        0.008588539741219963,
        0.11074602587800371,
        10.962738632162662
      ],
      [
        0.06641429021139891,
        0.00013721960787479114,
        0.32946427850737353,
        0.03087441177182801,
        0.026895043143459064,
        0.04445915295143233,
        0.06641429021139891,
        0,
        0.03512821961594653,
        0.7113464472229173
      ],
      [
        1.649091979465083,
        0.023254773616675585,
        12.699038924368303,
        0.046960470821486154,
        0.010886583770687462,
        0.2396980959214677,
        0.4020305876500618,
        0.016490919794650827,
        0,
        2.9500709488899584
      ],
      [
        262.29175679395917,
        0.47775112194823527,
        59.634247060211585,
        3.1954221890116807,
        0.7776947514234649,
        0.07512792613276352,
        87.73862429700712,
        0.7362252723482912,
        6.503891314132396,
        0
      ]
    ],
    "values": [
      [
        0,
        66,
        553,
        147,
        37,
        648,
        837,
        22,
        160,
        1359
      ],
      [
        66,
        0,
        66,
        14,
        10,
        27,
        27,
        1,
        19,
        58
      ],
      [
        553,
        66,
        0,
        73,
        29,
        191,
        365,
        49,
        444,
        648
      ],
      [
        147,
        14,
        73,
        0,
        12,
        65,
        47,
        15,
        27,
        150
      ],
      [
        37,
        10,
        29,
        12,
        0,
        11,
        41,
        14,
        13,
        74
      ],
      [
        648,
        27,
        191,
        65,
        11,
        0,
        296,
        18,
        61,
        23
      ],
      [
        837,
        27,
        365,
        47,
        41,
        296,
        0,
        22,
        79,
        786
      ],
      [
        22,
        1,
        49,
        15,
        14,
        18,
        22,
        0,
        16,
        72
      ],
      [
        160,
        19,
        444,
        27,
        13,
        61,
        79,
        16,
        0,
        214
      ],
      [
        1359,
        58,
        648,
        150,
        74,
        23,
        786,
        72,
        214,
        0
      ]
    ]
  },
  "peerDependencies": {
    "lattice": {
      "react": {
        "count": 3,
        "relative": 0.42857142857142855
      },
      "underscore": {
        "count": 3,
        "relative": 0.42857142857142855
      },
      "handlebars": {
        "count": 1,
        "relative": 0.14285714285714285
      },
      "total": {
        "subset": 7,
        "absolute": 7
      }
    },
    "names": [
      "handlebars",
      "react",
      "underscore"
    ],
    "matrix": [
      [
        0,
        0,
        0.14285714285714285,
        0,
        0,
        0,
        0,
        0,
        0,
        0
      ],
      [
        0,
        0,
        0,
        0,
        0,
        0,
        0,
        0,
        0,
        0
      ],
      [
        0.42857142857142855,
        0,
        0,
        0,
        0,
        0,
        0,
        0,
        0,
        0
      ]
    ],
    "values": [
      [
        0,
        0,
        1,
        0,
        0,
        0,
        0,
        0,
        0,
        0
      ],
      [
        0,
        0,
        0,
        0,
        0,
        0,
        0,
        0,
        0,
        0
      ],
      [
        1,
        0,
        0,
        0,
        0,
        0,
        0,
        0,
        0,
        0
      ]
    ]
  },
  "optionalDependencies": {
    "lattice": {
      "underscore": {
        "count": 4,
        "relative": 0.5714285714285714
      },
      "json-serialize": {
        "count": 1,
        "relative": 0.14285714285714285
      },
      "knockout": {
        "count": 1,
        "relative": 0.14285714285714285
      },
      "lifecycle": {
        "count": 1,
        "relative": 0.14285714285714285
      },
      "total": {
        "subset": 7,
        "absolute": 7
      }
    },
    "names": [
      "json-serialize",
      "knockout",
      "lifecycle",
      "underscore"
    ],