{
  "dependencies": {
    "lattice": {
      "total": {
        "subset": 0,
        "absolute": 0
      }
    },
    "names": [],
    "matrix": [],
    "values": []
  },
  "peerDependencies": {
    "lattice": {
      "total": {
        "subset": 0,
        "absolute": 0
      }
    },
    "names": [],
    "matrix": [],
    "values": []
  },
  "optionalDependencies": {
    "lattice": {
      "total": {
        "subset": 0,
        "absolute": 0
      }
    },
    "names": [],
    "matrix": [],
    "values": []
  },
  "devDependencies": {
    "lattice": {
      "chai": {
        "count": 3,
        "relative": 0.21428571428571427
      },
      "mocha": {
        "count": 3,
        "relative": 0.21428571428571427
      },
      "pre-commit": {
        "count": 3,
        "relative": 0.21428571428571427
      },
      "coveralls": {
        "count": 1,
        "relative": 0.07142857142857142
      },
      "ejs": {
        "count": 1,
        "relative": 0.07142857142857142
      },
      "istanbul": {
        "count": 1,
        "relative": 0.07142857142857142
      },
      "mocha-lcov-reporter": {
        "count": 1,
        "relative": 0.07142857142857142
      },
      "request": {
        "count": 1,
        "relative": 0.07142857142857142
      },
      "total": {
        "subset": 14,
        "absolute": 14
      }
    },
    "names": [
      "chai",
      "coveralls",
      "ejs",
      "istanbul",
      "mocha",
      "mocha-lcov-reporter",
      "pre-commit",
      "request"
    ],
    "matrix": [
      [
        0,
        1.6144668685782217,
        0.009553058393953977,
        4.539995471142687,
        758.6202128562936,
        0.42458037306462115,
        0.07850491097964844,
        0.8321775312066574,
        0,
        0
      ],
      [
        1.5911373336680892,
        0,
        0.0003766005523474768,
        6.010586659971546,
        18.007197255000417,
        8.174910034312495,
        0.009415013808686921,
        0.012093062180935643,
        0,
        0
      ],
      [
        0.1591230551626591,
        0.006364922206506364,
        0,
        0.006364922206506364,
        2.8069306930693068,
        0.0007072135785007071,
        0.025459688826025458,
        0.07072135785007072,
        0,
        0
      ],
      [
        4.402181967888019,
        5.91358583779333,
        0.000370522848909016,
        0,
        28.910827501029228,
        0.8069164265129682,
        0.011897900370522848,
        0.03956360642239605,
        0,
        0
      ],
      [
        570.9448574837032,
        13.751097098547143,
        0.12682672233820458,
        22.439734140002557,
        0,
        6.7615355119083125,
        0.09666183801286693,
        5.293202249584594,
        0,
        0
      ],
      [
        0.6157635467980296,
        12.029802955665023,
        0.00006157635467980295,
        1.206896551724138,
        13.029556650246306,
        0,
        0.002216748768472906,
        0.007450738916256157,
        0,
        0
      ],
      [
        2.6414285714285715,
        0.3214285714285714,
        0.05142857142857142,
        0.4128571428571428,
        4.32142857142857,
        0.05142857142857142,
        0,
        0.09142857142857143,
        0,
        0
      ],
      [
        2.2435897435897436,
        0.03308150183150183,
        0.011446886446886444,
        0.11000457875457874,
        18.96165293040293,
        0.0138507326007326,
        0.007326007326007325,
        0,
        0,
        0
      ]
    ],
    "values": [
      [
        0,
        195,
        15,
        327,
        4227,
        100,
        43,
        140,
        0,
        0
      ],
      [
        195,
        0,
        3,
        379,
        656,
        442,
        15,
        17,
        0,
        0
      ],
      [
        15,
        3,
        0,
        3,
        63,
        1,
        6,
        10,
        0,
        0
      ],
      [
        327,
        379,
        3,
        0,
        838,
        140,
        17,
        31,
        0,
        0
      ],
      [
        4227,
        656,
        63,
        838,
        0,
        460,
        55,
        407,
        0,
        0
      ],
      [
        100,
        442,
        1,
        140,
        460,
        0,
        6,
        11,
        0,
        0
      ],
      [
        43,
        15,
        6,
        17,
        55,
        6,
        0,
        8,
        0,
        0
      ],
      [
        140,
        17,
        10,
        31,
        407,
        11,
        8,
        0,
        0,
        0
      ]
    ]
  }
}