{
  "dependencies": {
    "lattice": {
      "chai": {
        "count": 16,
        "relative": 0.2711864406779661
      },
      "q": {
        "count": 7,
        "relative": 0.11864406779661017
      },
      "mocha-as-promised": {
        "count": 6,
        "relative": 0.1016949152542373
      },
      "sinon": {
        "count": 6,
        "relative": 0.1016949152542373
      },
      "mocha": {
        "count": 5,
        "relative": 0.0847457627118644
      },
      "sinon-chai": {
        "count": 5,
        "relative": 0.0847457627118644
      },
      "lodash": {
        "count": 4,
        "relative": 0.06779661016949153
      },
      "underscore": {
        "count": 4,
        "relative": 0.06779661016949153
      },
      "express": {
        "count": 3,
        "relative": 0.05084745762711865
      },
      "wd": {
        "count": 3,
        "relative": 0.05084745762711865
      },
      "total": {
        "subset": 59,
        "absolute": 137
      }
    },
    "names": [
      "chai",
      "express",
      "lodash",
      "mocha",
      "mocha-as-promised",
      "q",
      "sinon",
      "sinon-chai",
      "underscore",
      "wd"
    ],
    "matrix": [
      [
        0,
        0.5784693700468561,
        0.5784693700468561,
        9.629432521547985,
        0.0333198357146989,
        0.5331173714351825,
        1.0699369468386648,
        0.4081679875050616,
        2.3138774801874242,
        0.0333198357146989
      ],
      [
        0.02970061777284968,
        0,
        1.7336131791541265,
        0.27448122920956763,
        0.00042768889592903535,
        0.5855060985268494,
        0.0023285284333914146,
        0.00004752098843655949,
        19.954253128465076,
        0.0030413432599398073
      ],
      [
        0.07676246622451487,
        4.480594448538443,
        0,
        0.12576762466224514,
        0.001105379513633014,
        7.676246622451486,
        0.02075657086710882,
        0.001105379513633014,
        0.06497175141242938,
        0.017686072218128224
      ],
      [
        2.1143762955737104,
        1.1738405885461123,
        0.20810470267853512,
        0,
        0.0032516359793521112,
        0.09836198837540136,
        0.263382514327521,
        0.02459049709385034,
        2.9264723814169002,
        0.03983254074706336
      ],
      [
        0.12624196376388078,
        0.031560490940970194,
        0.031560490940970194,
        0.056107539450613676,
        0,
        0.056107539450613676,
        0.014026884862653419,
        0.0035067212156633548,
        0.031560490940970194,
        0.031560490940970194
      ],
      [
        0.0970724191063174,
        2.0764397149460714,
        10.533031587057012,
        0.0815677966101695,
        0.002696456086286595,
        0,
        0.016852850539291215,
        0.00016852850539291218,
        12.104391371340524,
        0.033031587057010786
      ],
      [
        0.8107539450613677,
        0.03436586791350088,
        0.11852717708942138,
        0.9089421390999416,
        0.002805376972530684,
        0.07013442431326711,
        0,
        0.17954412624196378,
        0.5112799532437171,
        0
      ],
      [
        0.6443600233781415,
        0.0014611338398597311,
        0.013150204558737581,
        0.17679719462302745,
        0.0014611338398597311,
        0.0014611338398597311,
        0.37405026300409117,
        0,
        0.023378141437755698,
        0
      ],
      [
        0.14700045570141265,
        24.690431740338397,
        0.031105296426418922,
        0.846722624840137,
        0.0005292016405250856,
        4.223264292119306,
        0.042865332882531935,
        0.000940802916489041,
        0,
        0.005880018228056507
      ],
      [
        0.027321022008601065,
        0.04857070579306856,
        0.10928408803440426,
        0.14874778649127246,
        0.006830255502150266,
        0.14874778649127246,
        0,
        0,
        0.07589172780166961,
        0
      ]
    ],
    "values": [
      [
        0,
        25,
        25,
        102,
        6,
        24,
        34,
        21,
        50,
        6
      ],
      [
        25,
        0,
        191,
        76,
        3,
        111,
        7,
        1,
        648,
        8
      ],
      [
        25,
        191,
        0,
        32,
        3,
        250,
        13,
        3,
        23,
        12
      ],
      [
        102,
        76,
        32,
        0,
        4,
        22,
        36,
        11,
        120,
        14
      ],
      [
        6,
        3,
        3,
        4,
        0,
        4,
        2,
        1,
        3,
        3
      ],
      [
        24,
        111,
        250,
        22,
        4,
        0,
        10,
        1,
        268,
        14
      ],
      [
        34,
        7,
        13,
        36,
        2,
        10,
        0,
        16,
        27,
        0
      ],
      [
        21,
        1,
        3,
        11,
        1,
        1,
        16,
        0,
        4,
        0
      ],
      [
        50,
        648,
        23,
        120,
        3,
        268,
        27,
        4,
        0,
        10
      ],
      [
        6,
        8,
        12,
        14,
        3,
        14,
        0,
        0,
        10,
        0
      ]
    ]
  },
  "peerDependencies": {
    "lattice": {
      "total": {
        "subset": 0,
        "absolute": 0
      }
    },
    "names": [],
    "matrix": [],
    "values": []
  },
  "optionalDependencies": {
    "lattice": {
      "total": {
        "subset": 0,
        "absolute": 0
      }
    },
    "names": [],
    "matrix": [],
    "values": []
  },
  "devDependencies": {
    "lattice": {
      "chai": {
        "count": 178,
        "relative": 0.2590975254730713
      },
      "mocha": {
        "count": 157,
        "relative": 0.22852983988355166
      },
      "mocha-as-promised": {
        "count": 101,
        "relative": 0.1470160116448326
      },
      "sinon": {
        "count": 61,
        "relative": 0.08879184861717612
      },
      "grunt": {
        "count": 45,
        "relative": 0.06550218340611354
      },
      "sinon-chai": {
        "count": 45,
        "relative": 0.06550218340611354
      },
      "istanbul": {
        "count": 36,
        "relative": 0.05240174672489083
      },
      "coffee-script": {
        "count": 23,
        "relative": 0.033478893740902474
      },
      "grunt-contrib-jshint": {
        "count": 21,
        "relative": 0.03056768558951965
      },
      "grunt-contrib-watch": {
        "count": 20,
        "relative": 0.02911208151382824
      },
      "total": {
        "subset": 687,
        "absolute": 1428
      }
    },
    "names": [
      "chai",
      "coffee-script",
      "grunt",
      "grunt-contrib-jshint",
      "grunt-contrib-watch",
      "istanbul",
      "mocha",
      "mocha-as-promised",
      "sinon",
      "sinon-chai"
    ],