{
  "dependencies": {
    "lattice": {
      "total": {
        "subset": 0,
        "absolute": 0
      }
    },
    "names": [],
    "matrix": [],
    "values": []
  },
  "peerDependencies": {
    "lattice": {
      "total": {
        "subset": 0,
        "absolute": 0
      }
    },
    "names": [],
    "matrix": [],
    "values": []
  },
  "optionalDependencies": {
    "lattice": {
      "total": {
        "subset": 0,
        "absolute": 0
      }
    },
    "names": [],
    "matrix": [],
    "values": []
  },
  "devDependencies": {
    "lattice": {
      "chai": {
        "count": 1,
        "relative": 0.25
      },
      "mocha": {
        "count": 1,
        "relative": 0.25
      },
      "pegjs": {
        "count": 1,
        "relative": 0.25
      },
      "vows": {
        "count": 1,
        "relative": 0.25
      },
      "total": {
        "subset": 4,
        "absolute": 4
      }
    },
    "names": [
      "chai",
      "mocha",
      "pegjs",
      "vows"
    ],
    "matrix": [
      [
        0,
        1051.5259533898304,
        0.005885122410546139,
        0.007120998116760829,
        0,
        0,
        0,
        0,
        0,
        0
      ],
      [
        1043.9079808366441,
        0,
        0.0799836410376256,
        0.013145594765132041,
        0,
        0,
        0,
        0,
        0,
        0
      ],
      [
        0.5102040816326531,
        6.98469387755102,
        0,
        0.02040816326530612,
        0,
        0,
        0,
        0,
        0,
        0
      ],
      [
        1.0803571428571428,
        2.008928571428571,
        0.03571428571428571,
        0,
        0,
        0,
        0,
        0,
        0,
        0
      ]
    ],
    "values": [
      [
        0,
        4227,
        10,
        11,
        0,
        0,
        0,
        0,
        0,
        0
      ],
      [
        4227,
        0,
        37,
        15,
        0,
        0,
        0,
        0,
        0,
        0
      ],
      [
        10,
        37,
        0,
        2,
        0,
        0,
        0,
        0,
        0,
        0
      ],
      [
        11,
        15,
        2,
        0,
        0,
        0,
        0,
        0,
        0,
        0
      ]
    ]
  }
}