{
  "dependencies": {
    "lattice": {
      "engine.io-client": {
        "count": 16,
        "relative": 0.25806451612903225
      },
      "async": {
        "count": 7,
        "relative": 0.11290322580645161
      },
      "connect": {
        "count": 7,
        "relative": 0.11290322580645161
      },
      "express": {
        "count": 6,
        "relative": 0.0967741935483871
      },
      "primus": {
        "count": 5,
        "relative": 0.08064516129032258
      },
      "redis": {
        "count": 5,
        "relative": 0.08064516129032258
      },
      "debug": {
        "count": 4,
        "relative": 0.06451612903225806
      },
      "node-uuid": {
        "count": 4,
        "relative": 0.06451612903225806
      },
      "uglify-js": {
        "count": 4,
        "relative": 0.06451612903225806
      },
      "coffee-script": {
        "count": 4,
        "relative": 0.06451612903225806
      },
      "total": {
        "subset": 62,
        "absolute": 193
      }
    },
    "names": [
      "async",
      "coffee-script",
      "connect",
      "debug",
      "engine.io-client",
      "express",
      "node-uuid",
      "primus",
      "redis",
      "uglify-js"
    ],
    "matrix": [
      [
        0,
        8.55374337987482,
        1.0645763119884448,
        2.1955344246509387,
        0.000541646605681271,
        18.404489648531538,
        1.6584015406836783,
        0.0029489648531535865,
        3.2953779489648527,
        2.704862782859894
      ],
      [
        8.268361499752757,
        0,
        0.6660461328136362,
        0.030774600773728143,
        0.0000581750487216033,
        4.5935600221065185,
        0.11262689432502399,
        0.0002327001948864132,
        0.23828499956368712,
        2.5655196486227054
      ],
      [
        3.2686500184784326,
        2.115595797476374,
        0,
        0.2394804920542738,
        0.0007391373211551661,
        5.594530383823452,
        0.20123013568449394,
        0.00018478433028879153,
        0.3106224592154585,
        1.3038382345177129
      ],
      [
        5.524912918370437,
        0.08011509919733455,
        0.1962744207178555,
        0,
        0.0013630168105406633,
        0.9213993639254884,
        0.06057852491291837,
        0.002423140996516735,
        0.4095108284113282,
        0.05467211873390883
      ],
      [
        0.15483870967741936,
        0.017204301075268817,
        0.06881720430107527,
        0.15483870967741936,
        0,
        0.06881720430107527,
        0.06881720430107527,
        0.017204301075268817,
        0,
        0.017204301075268817
      ],
      [
        19.21715542521994,
        4.961939673229996,
        1.902555509007122,
        0.3823209049015501,
        0.00025136154168412233,
        0,
        1.0135525764558022,
        0.002262253875157101,
        1.837515710096355,
        1.3764558022622537
      ],
      [
        3.5273937532002044,
        0.2478238607270865,
        0.13940092165898618,
        0.05120327700972862,
        0.0005120327700972862,
        2.064644137224782,
        0,
        0.00012800819252432156,
        1.0139528929851511,
        0.06195596518177163
      ],
      [
        0.17961876832844573,
        0.01466275659824047,
        0.0036656891495601175,
        0.05865102639296188,
        0.0036656891495601175,
        0.13196480938416422,
        0.0036656891495601175,
        0,
        0,
        0
      ],
      [
        6.551641619603714,
        0.490092849621901,
        0.20113429692734755,
        0.3235378577582081,
        0,
        3.4987316933090837,
        0.9477601225232125,
        0,
        0,
        0.0632956829711879
      ],
      [
        4.032841311857867,
        3.957108887792184,
        0.6331374220467494,
        0.032392660056530125,
        0.00008973036026739646,
        1.9654538112970523,
        0.04342949436941989,
        0,
        0.04746736058145273,
        0
      ]
    ],
    "values": [
      [
        0,
        377,
        133,
        191,
        3,
        553,
        166,
        7,
        234,
        212
      ],
      [
        377,
        0,
        107,
        23,
        1,
        281,
        44,
        2,
        64,
        210
      ],
      [
        133,
        107,
        0,
        36,
        2,
        174,
        33,
        1,
        41,
        84
      ],
      [
        191,
        23,
        36,
        0,
        3,
        78,
        20,
        4,
        52,
        19
      ],
      [
        3,
        1,
        2,
        3,
        0,
        2,
        2,
        1,
        0,
        1
      ],
      [
        553,
        281,
        174,
        78,
        2,
        0,
        127,
        6,
        171,
        148
      ],
      [
        166,
        44,
        33,
        20,
        2,
        127,
        0,
        1,
        89,
        22
      ],
      [
        7,
        2,
        1,
        4,
        1,
        6,
        1,
        0,
        0,
        0
      ],
      [
        234,
        64,
        41,
        52,
        0,
        171,
        89,
        0,
        0,
        23
      ],
      [
        212,
        210,
        84,
        19,
        1,
        148,
        22,
        0,
        23,
        0
      ]
    ]
  },
  "peerDependencies": {
    "lattice": {
      "total": {
        "subset": 0,
        "absolute": 0
      }
    },
    "names": [],
    "matrix": [],
    "values": []
  },
  "optionalDependencies": {
    "lattice": {
      "total": {
        "subset": 0,
        "absolute": 0
      }
    },
    "names": [],
    "matrix": [],
    "values": []
  },
  "devDependencies": {
    "lattice": {
      "engine.io-client": {
        "count": 11,
        "relative": 0.2894736842105263
      },
      "mocha": {
        "count": 5,
        "relative": 0.13157894736842105
      },
      "cleanup": {
        "count": 4,
        "relative": 0.10526315789473684
      },
      "okdone": {
        "count": 4,
        "relative": 0.10526315789473684
      },
      "expect.js": {
        "count": 3,
        "relative": 0.07894736842105263
      },
      "express": {
        "count": 3,
        "relative": 0.07894736842105263
      },
      "ws": {
        "count": 2,
        "relative": 0.05263157894736842
      },
      "browserify": {
        "count": 2,
        "relative": 0.05263157894736842
      },
      "eioemitter": {
        "count": 2,
        "relative": 0.05263157894736842
      },
      "socket.io": {
        "count": 2,
        "relative": 0.05263157894736842
      },
      "total": {
        "subset": 38,
        "absolute": 74
      }
    },
    "names": [
      "browserify",
      "cleanup",
      "eioemitter",
      "engine.io-client",
      "expect.js",
      "express",
      "mocha",
      "okdone",
      "socket.io",
      "ws"
    ],