{
  "dependencies": {
    "lattice": {
      "minimist": {
        "count": 1,
        "relative": 0.1
      },
      "browserify": {
        "count": 1,
        "relative": 0.1
      },
      "deamdify": {
        "count": 1,
        "relative": 0.1
      },
      "ecstatic": {
        "count": 1,
        "relative": 0.1
      },
      "event-stream": {
        "count": 1,
        "relative": 0.1
      },
      "hyperquest": {
        "count": 1,
        "relative": 0.1
      },
      "chance": {
        "count": 1,
        "relative": 0.1
      },
      "tap": {
        "count": 1,
        "relative": 0.1
      },
      "tape": {
        "count": 1,
        "relative": 0.1
      },
      "underscore": {
        "count": 1,
        "relative": 0.1
      },
      "total": {
        "subset": 10,
        "absolute": 12
      }
    },
    "names": [
      "browserify",
      "chance",
      "deamdify",
      "ecstatic",
      "event-stream",
      "hyperquest",
      "minimist",
      "tap",
      "tape",
      "underscore"
    ],
    "matrix": [
      [
        0,
        0.0008849557522123894,
        0.0008849557522123894,
        0.25575221238938056,
        0.08849557522123895,
        0.043362831858407086,
        0.07168141592920355,
        0.01415929203539823,
        0.03185840707964602,
        2.976991150442478
      ],
      [
        0.009090909090909092,
        0,
        0.009090909090909092,
        0.009090909090909092,
        0.009090909090909092,
        0.009090909090909092,
        0.009090909090909092,
        0.009090909090909092,
        0.009090909090909092,
        0.08181818181818182
      ],
      [
        0.011111111111111112,
        0.011111111111111112,
        0,
        0.011111111111111112,
        0.011111111111111112,
        0.011111111111111112,
        0.011111111111111112,
        0.011111111111111112,
        0.011111111111111112,
        0.011111111111111112
      ],
      [
        0.6568181818181819,
        0.002272727272727273,
        0.002272727272727273,
        0,
        0.03636363636363637,
        0.056818181818181816,
        0.056818181818181816,
        0.020454545454545454,
        0.009090909090909092,
        0.08181818181818182
      ],
      [
        0.2127659574468085,
        0.002127659574468085,
        0.002127659574468085,
        0.03404255319148936,
        0,
        0.05319148936170213,
        0.03404255319148936,
        0.019148936170212766,
        0.002127659574468085,
        0.6893617021276596
      ],
      [
        0.153125,
        0.003125,
        0.003125,
        0.078125,
        0.078125,
        0,
        0.1125,
        0.003125,
        0.0125,
        0.05
      ],
      [
        0.16875,
        0.0020833333333333333,
        0.0020833333333333333,
        0.05208333333333334,
        0.03333333333333333,
        0.07500000000000001,
        0,
        0.0020833333333333333,
        0.018750000000000003,
        0.675
      ],
      [
        0.039024390243902446,
        0.002439024390243903,
        0.002439024390243903,
        0.02195121951219512,
        0.02195121951219512,
        0.002439024390243903,
        0.002439024390243903,
        0,
        0.002439024390243903,
        1.6487804878048782
      ],
      [
        0.18947368421052632,
        0.005263157894736842,
        0.005263157894736842,
        0.021052631578947368,
        0.005263157894736842,
        0.021052631578947368,
        0.04736842105263158,
        0.005263157894736842,
        0,
        0.021052631578947368
      ],
      [
        2.473529411764706,
        0.00661764705882353,
        0.0007352941176470588,
        0.02647058823529412,
        0.23823529411764707,
        0.011764705882352941,
        0.23823529411764707,
        0.4970588235294118,
        0.0029411764705882353,
        0
      ]
    ],
    "values": [
      [
        0,
        1,
        1,
        17,
        10,
        7,
        9,
        4,
        6,
        58
      ],
      [
        1,
        0,
        1,
        1,
        1,
        1,
        1,
        1,
        1,
        3
      ],
      [
        1,
        1,
        0,
        1,
        1,
        1,
        1,
        1,
        1,
        1
      ],
      [
        17,
        1,
        1,
        0,
        4,
        5,
        5,
        3,
        2,
        6
      ],
      [
        10,
        1,
        1,
        4,
        0,
        5,
        4,
        3,
        1,
        18
      ],
      [
        7,
        1,
        1,
        5,
        5,
        0,
        6,
        1,
        2,
        4
      ],
      [
        9,
        1,
        1,
        5,
        4,
        6,
        0,
        1,
        3,
        18
      ],
      [
        4,
        1,
        1,
        3,
        3,
        1,
        1,
        0,
        1,
        26
      ],
      [
        6,
        1,
        1,
        2,
        1,
        2,
        3,
        1,
        0,
        2
      ],
      [
        58,
        3,
        1,
        6,
        18,
        4,
        18,
        26,
        2,
        0
      ]
    ]
  },
  "peerDependencies": {
    "lattice": {
      "total": {
        "subset": 0,
        "absolute": 0
      }
    },
    "names": [],
    "matrix": [],
    "values": []
  },
  "optionalDependencies": {
    "lattice": {
      "total": {
        "subset": 0,
        "absolute": 0
      }
    },
    "names": [],
    "matrix": [],
    "values": []
  },
  "devDependencies": {
    "lattice": {
      "mocha": {
        "count": 3,
        "relative": 0.23076923076923078
      },
      "chai": {
        "count": 2,
        "relative": 0.15384615384615385
      },
      "express": {
        "count": 1,
        "relative": 0.07692307692307693
      },
      "grunt": {
        "count": 1,
        "relative": 0.07692307692307693
      },
      "grunt-contrib-jshint": {
        "count": 1,
        "relative": 0.07692307692307693
      },
      "grunt-mocha-cov": {
        "count": 1,
        "relative": 0.07692307692307693
      },
      "grunt-mocha-test": {
        "count": 1,
        "relative": 0.07692307692307693
      },
      "jsonquest": {
        "count": 1,
        "relative": 0.07692307692307693
      },
      "coveralls": {
        "count": 1,
        "relative": 0.07692307692307693
      },
      "load-grunt-tasks": {
        "count": 1,
        "relative": 0.07692307692307693
      },
      "total": {
        "subset": 13,
        "absolute": 19
      }
    },
    "names": [
      "chai",
      "coveralls",
      "express",
      "grunt",
      "grunt-contrib-jshint",
      "grunt-mocha-cov",
      "grunt-mocha-test",
      "jsonquest",
      "load-grunt-tasks",
      "mocha"
    ],