{
  "dependencies": {
    "lattice": {
      "async": {
        "count": 11,
        "relative": 0.22916666666666666
      },
      "underscore": {
        "count": 6,
        "relative": 0.125
      },
      "jade": {
        "count": 5,
        "relative": 0.10416666666666667
      },
      "glob": {
        "count": 4,
        "relative": 0.08333333333333333
      },
      "ejs": {
        "count": 4,
        "relative": 0.08333333333333333
      },
      "lodash": {
        "count": 4,
        "relative": 0.08333333333333333
      },
      "nodemailer": {
        "count": 4,
        "relative": 0.08333333333333333
      },
      "stylus": {
        "count": 4,
        "relative": 0.08333333333333333
      },
      "handlebars": {
        "count": 3,
        "relative": 0.0625
      },
      "cheerio": {
        "count": 3,
        "relative": 0.0625
      },
      "total": {
        "subset": 48,
        "absolute": 142
      }
    },
    "names": [
      "async",
      "cheerio",
      "ejs",
      "glob",
      "handlebars",
      "jade",
      "lodash",
      "nodemailer",
      "stylus",
      "underscore"
    ],
    "matrix": [
      [
        0,
        1.3183593749999998,
        1.3976417824074074,
        7.687789351851851,
        1.5631510416666667,
        4.063151041666667,
        30.375000000000004,
        0.375,
        0.7975260416666666,
        133.599609375
      ],
      [
        2.981839005235602,
        0,
        0.019797120418848166,
        0.047284031413612565,
        0.047284031413612565,
        0.019797120418848166,
        0.649378272251309,
        0.005890052356020942,
        0.01325261780104712,
        2.0891688481675392
      ],
      [
        3.333505866114562,
        0.02087646652864044,
        0,
        0.15527950310559005,
        0.055900621118012424,
        0.521911663216011,
        0.19944789510006902,
        0.15527950310559005,
        0.19944789510006902,
        3.0062111801242235
      ],
      [
        10.029822574556436,
        0.027274443186107965,
        0.08493771234428085,
        0,
        0.3174782936957342,
        0.3174782936957342,
        2.6636466591166474,
        0.007644394110985277,
        0.07936957342393355,
        3.3355983389958475
      ],
      [
        2.5434322033898304,
        0.03401600753295669,
        0.038135593220338986,
        0.3959510357815443,
        0,
        0.15254237288135594,
        0.4972928436911488,
        0.01694915254237288,
        0.09227871939736347,
        2.648305084745763
      ],
      [
        6.139493704092341,
        0.013225778244141308,
        0.3306444561035327,
        0.3676984959776146,
        0.14165792235047223,
        0,
        0.6148347324239244,
        0.0983735571878279,
        4.113763553690102,
        7.219416754109829
      ],
      [
        30.26989619377163,
        0.28611591695501726,
        0.08333333333333333,
        2.0346020761245676,
        0.3045703575547866,
        0.405493079584775,
        0,
        0.09868800461361013,
        0.1332900807381776,
        0.03813437139561707
      ],
      [
        1.5709090909090908,
        0.01090909090909091,
        0.2727272727272727,
        0.024545454545454544,
        0.04363636363636364,
        0.2727272727272727,
        0.41484848484848486,
        0,
        0.06818181818181818,
        1.2412121212121212
      ],
      [
        1.6289893617021276,
        0.011968085106382977,
        0.17080378250591013,
        0.1242612293144208,
        0.11583924349881797,
        5.5608747044917255,
        0.27319739952718675,
        0.03324468085106383,
        0,
        1.6916371158392434
      ],
      [
        96.47309862097785,
        0.6669974926870038,
        0.9101546176347681,
        1.8462181362306727,
        1.1753029669870456,
        3.4501149185123277,
        0.02763267864605098,
        0.21395737567906395,
        0.5980463852904304,
        0
      ]
    ],
    "values": [
      [
        0,
        135,
        139,
        326,
        147,
        237,
        648,
        72,
        105,
        1359
      ],
      [
        135,
        0,
        11,
        17,
        17,
        11,
        63,
        6,
        9,
        113
      ],
      [
        139,
        11,
        0,
        30,
        18,
        55,
        34,
        30,
        34,
        132
      ],
      [
        326,
        17,
        30,
        0,
        58,
        58,
        168,
        9,
        29,
        188
      ],
      [
        147,
        17,
        18,
        58,
        0,
        36,
        65,
        12,
        28,
        150
      ],
      [
        237,
        11,
        55,
        58,
        36,
        0,
        75,
        30,
        194,
        257
      ],
      [
        648,
        63,
        34,
        168,
        65,
        75,
        0,
        37,
        43,
        23
      ],
      [
        72,
        6,
        30,
        9,
        12,
        30,
        37,
        0,
        15,
        64
      ],
      [
        105,
        9,
        34,
        29,
        28,
        194,
        43,
        15,
        0,
        107
      ],
      [
        1359,
        113,
        132,
        188,
        150,
        257,
        23,
        64,
        107,
        0
      ]
    ]
  },
  "peerDependencies": {
    "lattice": {
      "total": {
        "subset": 0,
        "absolute": 0
      }
    },
    "names": [],
    "matrix": [],
    "values": []
  },
  "optionalDependencies": {
    "lattice": {
      "total": {
        "subset": 0,
        "absolute": 0
      }
    },
    "names": [],
    "matrix": [],
    "values": []
  },
  "devDependencies": {
    "lattice": {
      "grunt": {
        "count": 1,
        "relative": 0.2
      },
      "grunt-contrib-jshint": {
        "count": 1,
        "relative": 0.2
      },
      "grunt-mocha-test": {
        "count": 1,
        "relative": 0.2
      },
      "mimelib": {
        "count": 1,
        "relative": 0.2
      },
      "should": {
        "count": 1,
        "relative": 0.2
      },
      "total": {
        "subset": 5,
        "absolute": 5
      }
    },
    "names": [
      "grunt",
      "grunt-contrib-jshint",
      "grunt-mocha-test",
      "mimelib",
      "should"
    ],
    "matrix": [
      [
        0,
        744.7585671263275,
        22.421334601363135,
        0.00003170074496750674,
        12.18576636550959,
        0,
        0,
        0,
        0,
        0
      ],
      [
        803.8805474764756,
        0,
        12.815876817792986,
        0.00003421727972626177,
        5.071856287425151,
        0,
        0,
        0,
        0,
        0
      ],
      [
        87.04996923076924,
        46.09772307692308,
        0,
        0.0001230769230769231,
        3.5988923076923074,
        0,
        0,
        0,
        0,
        0
      ],
      [
        0.05,
        0.05,
        0.05,
        0,
        0.05,
        0,
        0,
        0,
        0,
        0
      ],
      [
        65.31860662701784,
        25.186915887850468,
        4.968734069668649,
        0.00016992353440951574,
        0,
        0,
        0,
        0,
        0,
        0
      ]
    ],
    "values": [
      [
        0,
        4847,
        841,
        1,
        620,
        0,
        0,
        0,
        0,
        0
      ],
      [
        4847,
        0,
        612,
        1,
        385,
        0,
        0,
        0,
        0,
        0
      ],
      [
        841,
        612,
        0,
        1,
        171,
        0,
        0,
        0,
        0,
        0
      ],
      [
        1,
        1,
        1,
        0,
        1,
        0,
        0,
        0,
        0,
        0
      ],
      [
        620,
        385,
        171,
        1,
        0,
        0,
        0,
        0,
        0,
        0
      ]
    ]
  }
}