{
  "dependencies": {
    "lattice": {
      "underscore": {
        "count": 12,
        "relative": 0.1791044776119403
      },
      "async": {
        "count": 11,
        "relative": 0.16417910447761194
      },
      "redis": {
        "count": 9,
        "relative": 0.13432835820895522
      },
      "request": {
        "count": 7,
        "relative": 0.1044776119402985
      },
      "q": {
        "count": 6,
        "relative": 0.08955223880597014
      },
      "coffee-script": {
        "count": 5,
        "relative": 0.07462686567164178
      },
      "mysql": {
        "count": 5,
        "relative": 0.07462686567164178
      },
      "express": {
        "count": 5,
        "relative": 0.07462686567164178
      },
      "hiredis": {
        "count": 4,
        "relative": 0.05970149253731343
      },
      "mongodb": {
        "count": 3,
        "relative": 0.04477611940298507
      },
      "total": {
        "subset": 67,
        "absolute": 215
      }
    },
    "names": [
      "async",
      "coffee-script",
      "express",
      "hiredis",
      "mongodb",
      "mysql",
      "q",
      "redis",
      "request",
      "underscore"
    ],
    "matrix": [
      [
        0,
        6.187910883134051,
        13.314093810976937,
        0.14645942918660476,
        0.9280407825629212,
        0.3929240036887955,
        0.5461317121631303,
        2.383927617283511,
        30.50087272468208,
        80.40818580130374
      ],
      [
        6.825380817918131,
        0,
        3.791899575481665,
        0.017336099425651664,
        0.03500835590387829,
        0.015559269290612573,
        0.3718857450200734,
        0.19669989819243547,
        1.8073724043873296,
        11.342707312856566
      ],
      [
        9.524861086886103,
        2.4593538982881915,
        0,
        0.07478259786210849,
        0.7973488151894949,
        0.10477661774599456,
        0.3837552637480378,
        0.9107529962873446,
        4.149484214985174,
        13.078513941145687
      ],
      [
        0.44630182421227194,
        0.047893864013267,
        0.31854063018242124,
        0,
        0.010746268656716417,
        0.004776119402985075,
        0.026003316749585403,
        6.656849087893863,
        0.05850746268656717,
        0.33167495854063017
      ],
      [
        1.4331047465375821,
        0.049011698265429615,
        1.7211241091838105,
        0.005445744251714401,
        0,
        0.06050826946349334,
        0.13614360629286001,
        0.13614360629286001,
        0.19604679306171846,
        1.5127067365873335
      ],
      [
        1.9750951984943317,
        0.07090646474373002,
        0.7362016894997154,
        0.00787849608263667,
        0.19696240206591675,
        0,
        0.056024861032082984,
        0.22409944412833194,
        0.11577012299207771,
        0.8686041931106927
      ],
      [
        1.207896003851709,
        0.7456909003370245,
        1.186422725084256,
        0.018873375060182954,
        0.19499277804525755,
        0.024650938854116514,
        0,
        0.11795859412614347,
        5.592778045257583,
        6.9161290322580635
      ],
      [
        6.835765410863896,
        0.5113466126615991,
        3.650460522665483,
        6.263996005104588,
        0.2528019752538423,
        0.12783665316539977,
        0.15292958996837375,
        0,
        0.9449176052821394,
        4.22659934528103
      ],
      [
        28.065098205292557,
        1.5077144950096144,
        5.3370513231389065,
        0.01766665140554894,
        0.11681622562036442,
        0.02119196959985349,
        2.3267500686750293,
        0.30321742514421757,
        0,
        24.749175899642886
      ],
      [
        82.82039477126136,
        10.591828040568315,
        18.829916516565895,
        0.11210846119926157,
        1.0089761507933541,
        0.17798339299994764,
        3.220831246870305,
        1.5182176249448798,
        27.704063558023602,
        0
      ]
    ],
    "values": [
      [
        0,
        377,
        553,
        58,
        146,
        95,
        112,
        234,
        837,
        1359
      ],
      [
        377,
        0,
        281,
        19,
        27,
        18,
        88,
        64,
        194,
        486
      ],
      [
        553,
        281,
        0,
        49,
        160,
        58,
        111,
        171,
        365,
        648
      ],
      [
        58,
        19,
        49,
        0,
        9,
        6,
        14,
        224,
        21,
        50
      ],
      [
        146,
        27,
        160,
        9,
        0,
        30,
        45,
        45,
        54,
        150
      ],
      [
        95,
        18,
        58,
        6,
        30,
        0,
        16,
        32,
        23,
        63
      ],
      [
        112,
        88,
        111,
        14,
        45,
        16,
        0,
        35,
        241,
        268
      ],
      [
        234,
        64,
        171,
        224,
        45,
        32,
        35,
        0,
        87,
        184
      ],
      [
        837,
        194,
        365,
        21,
        54,
        23,
        241,
        87,
        0,
        786
      ],
      [
        1359,
        486,
        648,
        50,
        150,
        63,
        268,
        184,
        786,
        0
      ]
    ]
  },
  "devDependencies": {
    "lattice": {
      "mocha": {
        "count": 5,
        "relative": 0.20833333333333334
      },
      "redis": {
        "count": 4,
        "relative": 0.16666666666666666
      },
      "should": {
        "count": 3,
        "relative": 0.125
      },
      "mysql": {
        "count": 2,
        "relative": 0.08333333333333333
      },
      "chai": {
        "count": 2,
        "relative": 0.08333333333333333
      },
      "memcache": {
        "count": 2,
        "relative": 0.08333333333333333
      },
      "sinon": {
        "count": 2,
        "relative": 0.08333333333333333
      },
      "tap": {
        "count": 2,
        "relative": 0.08333333333333333
      },
      "cradle": {
        "count": 1,
        "relative": 0.041666666666666664
      },
      "express": {
        "count": 1,
        "relative": 0.041666666666666664
      },
      "total": {
        "subset": 24,
        "absolute": 55
      }
    },
    "names": [
      "chai",
      "cradle",
      "express",
      "memcache",
      "mocha",
      "mysql",
      "redis",
      "should",
      "sinon",
      "tap"
    ],