{
  "dependencies": {
    "lattice": {
      "express": {
        "count": 211,
        "relative": 0.23289183222958057
      },
      "underscore": {
        "count": 175,
        "relative": 0.19315673289183222
      },
      "async": {
        "count": 156,
        "relative": 0.17218543046357615
      },
      "jade": {
        "count": 71,
        "relative": 0.07836644591611479
      },
      "moment": {
        "count": 56,
        "relative": 0.06181015452538632
      },
      "passport": {
        "count": 55,
        "relative": 0.06070640176600441
      },
      "socket.io": {
        "count": 49,
        "relative": 0.05408388520971302
      },
      "lodash": {
        "count": 45,
        "relative": 0.04966887417218543
      },
      "mongodb": {
        "count": 44,
        "relative": 0.04856512141280353
      },
      "bcrypt": {
        "count": 44,
        "relative": 0.04856512141280353
      },
      "total": {
        "subset": 906,
        "absolute": 3288
      }
    },
    "names": [
      "async",
      "bcrypt",
      "express",
      "jade",
      "lodash",
      "moment",
      "mongodb",
      "passport",
      "socket.io",
      "underscore"
    ],
    "matrix": [
      [
        0,
        0.041197139977202715,
        14.98032839392198,
        2.7514888886795474,
        20.569374393564008,
        4.891535802096973,
        1.0441833956647482,
        0.21989769483669797,
        1.254038981470142,
        90.47112375533428
      ],
      [
        0.21958745757079445,
        0,
        0.377032447957464,
        0.07545871015215172,
        0.02611028032946426,
        0.06684231764342852,
        0.01671057941085713,
        0.20470459778299982,
        0.021149327066866053,
        0.25091979396615155
      ],
      [
        24.720728331237698,
        0.11672884614353152,
        0,
        24.187203134182777,
        2.9490201081455494,
        2.3361936658920093,
        2.069431067364548,
        1.3661478530648774,
        15.935912613124122,
        33.943843082446996
      ],
      [
        3.106397248173784,
        0.0159829942623551,
        16.547597682508673,
        0,
        0.31108769109255163,
        0.32790025253115357,
        0.11199156879331859,
        0.11199156879331859,
        0.7570630050428337,
        3.6528054949283457
      ],
      [
        16.76540107748983,
        0.003992674772683716,
        1.4565676838227464,
        0.22458795596345904,
        0,
        0.9841544047188091,
        0.08085166414684525,
        0.04615532037222376,
        0.14856742829156108,
        0.021121249547496855
      ],
      [
        5.348453024512112,
        0.013711784712737344,
        1.5479319460863645,
        0.31756707641335835,
        1.3202413335322767,
        0,
        0.0773430356452841,
        0.051472754331799174,
        0.09448276653620577,
        5.048132802307743
      ],
      [
        1.5427930373104621,
        0.004632142727897803,
        1.8528570911591213,
        0.14656389099989142,
        0.14656389099989142,
        0.10451272029819418,
        0,
        0.026128180074548545,
        0.2605580284442514,
        1.6284876777765716
      ],
      [
        0.6069288140926365,
        0.10599959684754445,
        2.2849402891881394,
        0.273787224000354,
        0.15629532392316503,
        0.12993062827868648,
        0.048808487834137174,
        0,
        0.17522382336022657,
        0.4706436181457937
      ],
      [
        1.2113276127459787,
        0.0038327162747040723,
        9.327979697902,
        0.6477290504249883,
        0.17606836121202288,
        0.08346804331577758,
        0.1703429455424032,
        0.06132346039526516,
        0,
        2.1669515372388606
      ],
      [
        117.03986220472439,
        0.06090013789667019,
        26.610001564373988,
        4.185632890673433,
        0.0335235930773554,
        5.972712899712039,
        1.4258617093393127,
        0.22059664934267323,
        2.9021672373734737,
        0
      ]
    ],
    "values": [
      [
        0,
        29,
        553,
        237,
        648,
        316,
        146,
        67,
        160,
        1359
      ],
      [
        29,
        0,
        38,
        17,
        10,
        16,
        8,
        28,
        9,
        31
      ],
      [
        553,
        38,
        0,
        547,
        191,
        170,
        160,
        130,
        444,
        648
      ],
      [
        237,
        17,
        547,
        0,
        75,
        77,
        45,
        45,
        117,
        257
      ],
      [
        648,
        10,
        191,
        75,
        0,
        157,
        45,
        34,
        61,
        23
      ],
      [
        316,
        16,
        170,
        77,
        157,
        0,
        38,
        31,
        42,
        307
      ],
      [
        146,
        8,
        160,
        45,
        45,
        38,
        0,
        19,
        60,
        150
      ],
      [
        67,
        28,
        130,
        45,
        34,
        31,
        19,
        0,
        36,
        59
      ],
      [
        160,
        9,
        444,
        117,
        61,
        42,
        60,
        36,
        0,
        214
      ],
      [
        1359,
        31,
        648,
        257,
        23,
        307,
        150,
        59,
        214,
        0
      ]
    ]
  },
  "peerDependencies": {
    "lattice": {
      "baucis": {
        "count": 4,
        "relative": 0.2857142857142857
      },
      "express": {
        "count": 2,
        "relative": 0.14285714285714285
      },
      "connect-mongo": {
        "count": 1,
        "relative": 0.07142857142857142
      },
      "debug": {
        "count": 1,
        "relative": 0.07142857142857142
      },
      "ejs": {
        "count": 1,
        "relative": 0.07142857142857142
      },
      "passport-local-mongoose": {
        "count": 1,
        "relative": 0.07142857142857142
      },
      "connect-flash": {
        "count": 1,
        "relative": 0.07142857142857142
      },
      "hydro": {
        "count": 1,
        "relative": 0.07142857142857142
      },
      "moment": {
        "count": 1,
        "relative": 0.07142857142857142
      },
      "mongoose-materialized": {
        "count": 1,
        "relative": 0.07142857142857142
      },
      "total": {
        "subset": 14,
        "absolute": 17
      }
    },
    "names": [
      "baucis",
      "connect-flash",
      "connect-mongo",
      "debug",
      "ejs",
      "express",
      "hydro",
      "moment",
      "mongoose-materialized",
      "passport-local-mongoose"
    ],