{
  "dependencies": {
    "lattice": {
      "debug": {
        "count": 6,
        "relative": 0.25
      },
      "co-monk": {
        "count": 5,
        "relative": 0.20833333333333334
      },
      "async": {
        "count": 2,
        "relative": 0.08333333333333333
      },
      "co-body": {
        "count": 2,
        "relative": 0.08333333333333333
      },
      "koa": {
        "count": 2,
        "relative": 0.08333333333333333
      },
      "lodash": {
        "count": 2,
        "relative": 0.08333333333333333
      },
      "mongodb": {
        "count": 2,
        "relative": 0.08333333333333333
      },
      "colorize": {
        "count": 1,
        "relative": 0.041666666666666664
      },
      "colors": {
        "count": 1,
        "relative": 0.041666666666666664
      },
      "commander": {
        "count": 1,
        "relative": 0.041666666666666664
      },
      "total": {
        "subset": 24,
        "absolute": 59
      }
    },
    "names": [
      "async",
      "co-body",
      "co-monk",
      "colorize",
      "colors",
      "commander",
      "debug",
      "koa",
      "lodash",
      "mongodb"
    ],
    "matrix": [
      [
        0,
        0.00004101049868766404,
        0,
        0.00036909448818897637,
        9.606955380577427,
        12.72346620734908,
        1.496104002624672,
        0.00016404199475065617,
        17.22047244094488,
        0.8741797900262467
      ],
      [
        0.0043859649122807015,
        0,
        0.017543859649122806,
        0,
        0,
        0.0043859649122807015,
        0.039473684210526314,
        0.2149122807017544,
        0.039473684210526314,
        0.017543859649122806
      ],
      [
        0,
        0.11904761904761904,
        0,
        0,
        0,
        0.02976190476190476,
        0.02976190476190476,
        0.11904761904761904,
        0.02976190476190476,
        0
      ],
      [
        0.03409090909090909,
        0,
        0,
        0,
        0.003787878787878788,
        0.18560606060606058,
        0,
        0,
        0,
        0
      ],
      [
        8.06000550509221,
        0,
        0,
        0.00003440682631434076,
        0,
        7.828550784475639,
        0.03306496008808148,
        0.00013762730525736304,
        1.1775736306083124,
        0.03306496008808148
      ],
      [
        9.05889395001168,
        0.00002919878533053025,
        0.00002919878533053025,
        0.0014307404811959822,
        6.643570427470217,
        0,
        0.648242233123102,
        0.000467180565288484,
        1.043009810791871,
        0.05150665732305536
      ],
      [
        18.424747474747473,
        0.004545454545454545,
        0.000505050505050505,
        0,
        0.48535353535353537,
        11.212626262626262,
        0,
        0.05050505050505051,
        3.7353535353535356,
        0.2909090909090909
      ],
      [
        0.008771929824561403,
        0.1074561403508772,
        0.008771929824561403,
        0,
        0.008771929824561403,
        0.03508771929824561,
        0.21929824561403505,
        0,
        0.14035087719298245,
        0.019736842105263157
      ],
      [
        30.036051502145924,
        0.0006437768240343348,
        0.00007153075822603719,
        0,
        2.448140200286123,
        2.5551502145922744,
        0.529041487839771,
        0.00457796852646638,
        0,
        0.14484978540772533
      ],
      [
        6.062571103526734,
        0.0011376564277588168,
        0,
        0,
        0.27332195676905574,
        0.5017064846416381,
        0.16382252559726962,
        0.002559726962457338,
        0.575938566552901,
        0
      ]
    ],
    "values": [
      [
        0,
        1,
        0,
        3,
        484,
        557,
        191,
        2,
        648,
        146
      ],
      [
        1,
        0,
        2,
        0,
        0,
        1,
        3,
        7,
        3,
        2
      ],
      [
        0,
        2,
        0,
        0,
        0,
        1,
        1,
        2,
        1,
        0
      ],
      [
        3,
        0,
        0,
        0,
        1,
        7,
        0,
        0,
        0,
        0
      ],
      [
        484,
        0,
        0,
        1,
        0,
        477,
        31,
        2,
        185,
        31
      ],
      [
        557,
        1,
        1,
        7,
        477,
        0,
        149,
        4,
        189,
        42
      ],
      [
        191,
        3,
        1,
        0,
        31,
        149,
        0,
        10,
        86,
        24
      ],
      [
        2,
        7,
        2,
        0,
        2,
        4,
        10,
        0,
        8,
        3
      ],
      [
        648,
        3,
        1,
        0,
        185,
        189,
        86,
        8,
        0,
        45
      ],
      [
        146,
        2,
        0,
        0,
        31,
        42,
        24,
        3,
        45,
        0
      ]
    ]
  },
  "peerDependencies": {
    "lattice": {
      "total": {
        "subset": 0,
        "absolute": 0
      }
    },
    "names": [],
    "matrix": [],
    "values": []
  },
  "optionalDependencies": {
    "lattice": {
      "total": {
        "subset": 0,
        "absolute": 0
      }
    },
    "names": [],
    "matrix": [],
    "values": []
  },
  "devDependencies": {
    "lattice": {
      "mocha": {
        "count": 4,
        "relative": 0.26666666666666666
      },
      "should": {
        "count": 3,
        "relative": 0.2
      },
      "async": {
        "count": 1,
        "relative": 0.06666666666666667
      },
      "co": {
        "count": 1,
        "relative": 0.06666666666666667
      },
      "mangomodel": {
        "count": 1,
        "relative": 0.06666666666666667
      },
      "mongodb": {
        "count": 1,
        "relative": 0.06666666666666667
      },
      "request": {
        "count": 1,
        "relative": 0.06666666666666667
      },
      "restify": {
        "count": 1,
        "relative": 0.06666666666666667
      },
      "tako": {
        "count": 1,
        "relative": 0.06666666666666667
      },
      "testrest": {
        "count": 1,
        "relative": 0.06666666666666667
      },
      "total": {
        "subset": 15,
        "absolute": 15
      }
    },
    "names": [
      "async",
      "co",
      "mangomodel",
      "mocha",
      "mongodb",
      "request",
      "restify",
      "should",
      "tako",
      "testrest"
    ],