{
  "dependencies": {
    "lattice": {
      "total": {
        "subset": 0,
        "absolute": 0
      }
    },
    "names": [],
    "matrix": [],
    "values": []
  },
  "peerDependencies": {
    "lattice": {
      "total": {
        "subset": 0,
        "absolute": 0
      }
    },
    "names": [],
    "matrix": [],
    "values": []
  },
  "optionalDependencies": {
    "lattice": {
      "total": {
        "subset": 0,
        "absolute": 0
      }
    },
    "names": [],
    "matrix": [],
    "values": []
  },
  "devDependencies": {
    "lattice": {
      "expect.js": {
        "count": 1,
        "relative": 0.25
      },
      "express": {
        "count": 1,
        "relative": 0.25
      },
      "mocha": {
        "count": 1,
        "relative": 0.25
      },
      "supertest": {
        "count": 1,
        "relative": 0.25
      },
      "total": {
        "subset": 4,
        "absolute": 4
      }
    },
    "names": [
      "expect.js",
      "express",
      "mocha",
      "supertest"
    ],
    "matrix": [
      [
        0,
        1.3091900311526479,
        261.5422507788162,
        0.36000778816199375,
        0,
        0,
        0,
        0,
        0,
        0
      ],
      [
        1.6086124401913877,
        0,
        121.96076555023924,
        14.832775119617224,
        0,
        0,
        0,
        0,
        0,
        0
      ],
      [
        134.220723421263,
        50.93884892086331,
        0,
        39.532474020783376,
        0,
        0,
        0,
        0,
        0,
        0
      ],
      [
        0.501900108577633,
        16.829804560260587,
        107.3944082519001,
        0,
        0,
        0,
        0,
        0,
        0,
        0
      ]
    ],
    "values": [
      [
        0,
        82,
        1159,
        43,
        0,
        0,
        0,
        0,
        0,
        0
      ],
      [
        82,
        0,
        714,
        249,
        0,
        0,
        0,
        0,
        0,
        0
      ],
      [
        1159,
        714,
        0,
        629,
        0,
        0,
        0,
        0,
        0,
        0
      ],
      [
        43,
        249,
        629,
        0,
        0,
        0,
        0,
        0,
        0,
        0
      ]
    ]
  }
}