{
  "dependencies": {
    "lattice": {
      "ws": {
        "count": 15,
        "relative": 0.234375
      },
      "commander": {
        "count": 8,
        "relative": 0.125
      },
      "async": {
        "count": 7,
        "relative": 0.109375
      },
      "primus-emitter": {
        "count": 7,
        "relative": 0.109375
      },
      "express": {
        "count": 6,
        "relative": 0.09375
      },
      "lodash": {
        "count": 5,
        "relative": 0.078125
      },
      "engine.io": {
        "count": 5,
        "relative": 0.078125
      },
      "socket.io": {
        "count": 4,
        "relative": 0.0625
      },
      "debug": {
        "count": 4,
        "relative": 0.0625
      },
      "service-locator": {
        "count": 3,
        "relative": 0.046875
      },
      "total": {
        "subset": 64,
        "absolute": 245
      }
    },
    "names": [
      "async",
      "commander",
      "debug",
      "engine.io",
      "express",
      "lodash",
      "primus-emitter",
      "service-locator",
      "socket.io",
      "ws"
    ],
    "matrix": [
      [
        0,
        15.680907751848427,
        1.8438583063770797,
        0.002476605822550832,
        15.456496938539743,
        21.2231977818854,
        0.0004548867837338262,
        0.0004548867837338262,
        1.2939001848428835,
        0.08915780961182994
      ],
      [
        27.661287446504993,
        0,
        1.9794044222539229,
        0.0008024251069900143,
        10.61207203994294,
        3.1848252496433664,
        0.0008024251069900143,
        0.0008024251069900143,
        1.3708987161198287,
        0.07498216833095578
      ],
      [
        4.108220720720721,
        2.5001126126126123,
        0,
        0.0018018018018018018,
        0.6851351351351351,
        0.8328828828828829,
        0.00011261261261261261,
        0,
        0.059572072072072074,
        0.059572072072072074
      ],
      [
        0.13671875,
        0.02511160714285714,
        0.04464285714285714,
        0,
        0.10044642857142856,
        0.02511160714285714,
        0,
        0,
        0.04464285714285714,
        0.002790178571428571
      ],
      [
        17.177707459556622,
        6.685796135410426,
        0.34174655482324745,
        0.002022168963451168,
        0,
        2.04918738765728,
        0.00022468544038346317,
        0,
        11.073397243858599,
        0.14042840023966446
      ],
      [
        27.314737718567862,
        2.3236495628642793,
        0.4811094920899251,
        0.0005854496253122399,
        2.3730875312239803,
        0,
        0.0005854496253122399,
        0.00026019983347210656,
        0.24205089508742714,
        0.021076186511240633
      ],
      [
        0.046875,
        0.046875,
        0.005208333333333333,
        0,
        0.020833333333333332,
        0.046875,
        0,
        0.046875,
        0.020833333333333332,
        0.08333333333333333
      ],
      [
        0.03013392857142857,
        0.03013392857142857,
        0,
        0,
        0,
        0.013392857142857142,
        0.03013392857142857,
        0,
        0,
        0.03013392857142857
      ],
      [
        1.932367149758454,
        1.1606280193236715,
        0.03993055555555555,
        0.0012077294685990338,
        14.880434782608697,
        0.2808725845410628,
        0.00030193236714975844,
        0,
        0,
        0.007548309178743961
      ],
      [
        2.296875,
        1.0950520833333335,
        0.6888020833333333,
        0.0013020833333333335,
        3.2552083333333335,
        0.421875,
        0.020833333333333336,
        0.01171875,
        0.13020833333333334,
        0
      ]
    ],
    "values": [
      [
        0,
        557,
        191,
        7,
        553,
        648,
        3,
        3,
        160,
        42
      ],
      [
        557,
        0,
        149,
        3,
        345,
        189,
        3,
        3,
        124,
        29
      ],
      [
        191,
        149,
        0,
        4,
        78,
        86,
        1,
        0,
        23,
        23
      ],
      [
        7,
        3,
        4,
        0,
        6,
        3,
        0,
        0,
        4,
        1
      ],
      [
        553,
        345,
        78,
        6,
        0,
        191,
        2,
        0,
        444,
        50
      ],
      [
        648,
        189,
        86,
        3,
        191,
        0,
        3,
        2,
        61,
        18
      ],
      [
        3,
        3,
        1,
        0,
        2,
        3,
        0,
        3,
        2,
        4
      ],
      [
        3,
        3,
        0,
        0,
        0,
        2,
        3,
        0,
        0,
        3
      ],
      [
        160,
        124,
        23,
        4,
        444,
        61,
        2,
        0,
        0,
        10
      ],
      [
        42,
        29,
        23,
        1,
        50,
        18,
        4,
        3,
        10,
        0
      ]
    ]
  },
  "peerDependencies": {
    "lattice": {
      "karma": {
        "count": 1,
        "relative": 0.5
      },
      "lodash": {
        "count": 1,
        "relative": 0.5
      },
      "total": {
        "subset": 2,
        "absolute": 2
      }
    },
    "names": [
      "karma",
      "lodash"
    ],
    "matrix": [
      [
        0,
        0.5,
        0,
        0,
        0,
        0,
        0,
        0,
        0,
        0
      ],
      [
        0.5,
        0,
        0,
        0,
        0,
        0,
        0,
        0,
        0,
        0
      ]
    ],
    "values": [
      [
        0,
        1,
        0,
        0,
        0,
        0,
        0,
        0,
        0,
        0
      ],
      [
        1,
        0,
        0,
        0,
        0,
        0,
        0,
        0,
        0,
        0
      ]
    ]
  },
  "optionalDependencies": {
    "lattice": {
      "total": {
        "subset": 0,
        "absolute": 0
      }
    },
    "names": [],
    "matrix": [],
    "values": []
  },
  "devDependencies": {
    "lattice": {
      "ws": {
        "count": 13,
        "relative": 0.26
      },
      "mocha": {
        "count": 10,
        "relative": 0.2
      },
      "expect.js": {
        "count": 7,
        "relative": 0.14
      },
      "primus-emitter": {
        "count": 5,
        "relative": 0.1
      },
      "chai": {
        "count": 4,
        "relative": 0.08
      },
      "primus-rooms": {
        "count": 3,
        "relative": 0.06
      },
      "sinon": {
        "count": 2,
        "relative": 0.04
      },
      "redis": {
        "count": 2,
        "relative": 0.04
      },
      "jshint": {
        "count": 2,
        "relative": 0.04
      },
      "assert-called": {
        "count": 2,
        "relative": 0.04
      },
      "total": {
        "subset": 50,
        "absolute": 68
      }
    },
    "names": [
      "assert-called",
      "chai",
      "expect.js",
      "jshint",
      "mocha",
      "primus-emitter",
      "primus-rooms",
      "redis",
      "sinon",
      "ws"
    ],