{
  "devDependencies": {
    "lattice": {
      "total": {
        "subset": 0,
        "absolute": 0
      }
    },
    "names": [],
    "matrix": [],
    "values": []
  },
  "peerDependencies": {
    "lattice": {
      "total": {
        "subset": 0,
        "absolute": 0
      }
    },
    "names": [],
    "matrix": [],
    "values": []
  },
  "optionalDependencies": {
    "lattice": {
      "total": {
        "subset": 0,
        "absolute": 0
      }
    },
    "names": [],
    "matrix": [],
    "values": []
  },
  "dependencies": {
    "lattice": {
      "express": {
        "count": 1,
        "relative": 0.1
      },
      "hjs": {
        "count": 1,
        "relative": 0.1
      },
      "hogan.js": {
        "count": 1,
        "relative": 0.1
      },
      "mocha": {
        "count": 1,
        "relative": 0.1
      },
      "optimist": {
        "count": 1,
        "relative": 0.1
      },
      "pantry": {
        "count": 1,
        "relative": 0.1
      },
      "request": {
        "count": 1,
        "relative": 0.1
      },
      "should": {
        "count": 1,
        "relative": 0.1
      },
      "which": {
        "count": 1,
        "relative": 0.1
      },
      "winston": {
        "count": 1,
        "relative": 0.1
      },
      "total": {
        "subset": 10,
        "absolute": 10
      }
    },
    "names": [
      "express",
      "hjs",
      "hogan.js",
      "mocha",
      "optimist",
      "pantry",
      "request",
      "should",
      "which",
      "winston"
    ],
    "matrix": [
      [
        0,
        0.014356929212362913,
        0.08384845463609174,
        0.5758723828514456,
        9.83010967098704,
        0.00009970089730807577,
        13.282652043868394,
        0.10857427716849453,
        0.009970089730807577,
        2.6489531405782656
      ],
      [
        0.5333333333333333,
        0,
        0.014814814814814815,
        0.03333333333333333,
        0.014814814814814815,
        0.003703703703703704,
        0.03333333333333333,
        0.003703703703703704,
        0.003703703703703704,
        0.014814814814814815
      ],
      [
        1.152054794520548,
        0.005479452054794521,
        0,
        0.021917808219178082,
        0.4438356164383562,
        0.0013698630136986301,
        0.136986301369863,
        0.0013698630136986301,
        0.0013698630136986301,
        0.06712328767123288
      ],
      [
        1.8572347266881029,
        0.002893890675241158,
        0.005144694533762058,
        0,
        0.5945337620578778,
        0.0003215434083601286,
        1.157556270096463,
        3.088102893890676,
        0.005144694533762058,
        0.15562700964630227
      ],
      [
        11.29392898052692,
        0.00045819014891179845,
        0.03711340206185567,
        0.21179839633447883,
        0,
        0.00011454753722794961,
        12.855097365406644,
        0.050515463917525774,
        0.019358533791523483,
        1.8185567010309278
      ],
      [
        0.011111111111111112,
        0.011111111111111112,
        0.011111111111111112,
        0.011111111111111112,
        0.011111111111111112,
        0,
        0.011111111111111112,
        0.011111111111111112,
        0.011111111111111112,
        0.011111111111111112
      ],
      [
        13.748710010319918,
        0.0009287925696594428,
        0.010319917440660476,
        0.3715170278637771,
        11.581527347781218,
        0.00010319917440660474,
        0,
        0.11929824561403508,
        0.08090815273477812,
        1.8254901960784318
      ],
      [
        0.5161137440758294,
        0.0004739336492890996,
        0.0004739336492890996,
        4.551658767772512,
        0.20900473933649288,
        0.0004739336492890996,
        0.547867298578199,
        0,
        0.0004739336492890996,
        0.20900473933649288
      ],
      [
        0.16129032258064516,
        0.0016129032258064516,
        0.0016129032258064516,
        0.025806451612903226,
        0.2725806451612904,
        0.0016129032258064516,
        1.2645161290322582,
        0.0016129032258064516,
        0,
        0.014516129032258063
      ],
      [
        5.558368200836821,
        0.0008368200836820083,
        0.010251046025104604,
        0.10125523012552302,
        3.3213389121338914,
        0.00020920502092050208,
        3.7006276150627615,
        0.09225941422594142,
        0.001882845188284519,
        0
      ]
    ],
    "values": [
      [
        0,
        12,
        29,
        76,
        314,
        1,
        365,
        33,
        10,
        163
      ],
      [
        12,
        0,
        2,
        3,
        2,
        1,
        3,
        1,
        1,
        2
      ],
      [
        29,
        2,
        0,
        4,
        18,
        1,
        10,
        1,
        1,
        7
      ],
      [
        76,
        3,
        4,
        0,
        43,
        1,
        60,
        98,
        4,
        22
      ],
      [
        314,
        2,
        18,
        43,
        0,
        1,
        335,
        21,
        13,
        126
      ],
      [
        1,
        1,
        1,
        1,
        1,
        0,
        1,
        1,
        1,
        1
      ],
      [
        365,
        3,
        10,
        60,
        335,
        1,
        0,
        34,
        28,
        133
      ],
      [
        33,
        1,
        1,
        98,
        21,
        1,
        34,
        0,
        1,
        21
      ],
      [
        10,
        1,
        1,
        4,
        13,
        1,
        28,
        1,
        0,
        3
      ],
      [
        163,
        2,
        7,
        22,
        126,
        1,
        133,
        21,
        3,
        0
      ]
    ]
  }
}