{
  "dependencies": {
    "lattice": {
      "chai": {
        "count": 21,
        "relative": 0.29577464788732394
      },
      "sinon": {
        "count": 16,
        "relative": 0.22535211267605634
      },
      "mocha": {
        "count": 11,
        "relative": 0.15492957746478872
      },
      "chai-as-promised": {
        "count": 5,
        "relative": 0.07042253521126761
      },
      "underscore": {
        "count": 4,
        "relative": 0.056338028169014086
      },
      "coffee-script": {
        "count": 3,
        "relative": 0.04225352112676056
      },
      "requirejs": {
        "count": 3,
        "relative": 0.04225352112676056
      },
      "lodash": {
        "count": 3,
        "relative": 0.04225352112676056
      },
      "async": {
        "count": 3,
        "relative": 0.04225352112676056
      },
      "grunt": {
        "count": 2,
        "relative": 0.028169014084507043
      },
      "total": {
        "subset": 71,
        "absolute": 167
      }
    },
    "names": [
      "async",
      "chai",
      "chai-as-promised",
      "coffee-script",
      "grunt",
      "lodash",
      "mocha",
      "requirejs",
      "sinon",
      "underscore"
    ],
    "matrix": [
      [
        0,
        0.034984268429165695,
        0.00006334860738644762,
        2.2509185548071033,
        0.13114745444179318,
        6.650083408999725,
        0.15210000633486073,
        0.007665181493760163,
        0.009122199463648457,
        29.24933483962244
      ],
      [
        1.9919701133631054,
        0,
        0.2308485056681553,
        1.3021298522844382,
        0.09017519752662315,
        0.5635949845413947,
        9.381827550669872,
        0.03246307110958433,
        1.0424252834077636,
        2.2543799381655787
      ],
      [
        0.007222824124232575,
        0.4622607439508848,
        0,
        0.0018057060310581437,
        0.0018057060310581437,
        0.0288912964969303,
        0.04514265077645359,
        0,
        0.06500541711809318,
        0.0288912964969303
      ],
      [
        5.021279853031231,
        0.05101512082528617,
        0.00003532903104244194,
        0,
        0.04836544349710302,
        0.8487799707946676,
        0.15859202034952186,
        0.012753780206321542,
        0.009044231946865136,
        8.344575816100617
      ],
      [
        0.6570918468557825,
        0.007934933544931562,
        0.00007934933544931561,
        0.10862924023011308,
        0,
        0.41134695496925217,
        0.02570918468557826,
        0.08125371950009919,
        0.0012695893671890498,
        0.6427296171394564
      ],
      [
        17.921638924455824,
        0.026675202731540757,
        0.0006828851899274434,
        1.0253947930004268,
        0.22125480153649169,
        0,
        0.04370465215535638,
        0.01382842509603073,
        0.007212974818608621,
        0.0225778915919761
      ],
      [
        3.0616124731930676,
        3.316640584246217,
        0.007969628470410942,
        1.431026488146989,
        0.10328638497652581,
        0.3264359821480322,
        0,
        0.020402248884252013,
        0.41314553990610325,
        4.5905059989567025
      ],
      [
        0.11424974427571012,
        0.008497914863482572,
        0,
        0.08521520182547801,
        0.2417184672279487,
        0.07648123377134315,
        0.015107404201746794,
        0,
        0.0009442127626091746,
        1.2236997403414904
      ],
      [
        0.8012519561815337,
        1.6080681620587725,
        0.050078247261345854,
        0.35611198052512605,
        0.022256998782820378,
        0.23508954964354026,
        1.8028169014084507,
        0.0055642496957050945,
        0,
        1.0140845070422535
      ],
      [
        46.63811465836706,
        0.06313091457755948,
        0.00040403785329638076,
        5.964507799824497,
        0.20454416323129274,
        0.013358501524611587,
        0.3636340679667426,
        0.13090826446802736,
        0.018408974690816343,
        0
      ]
    ],
    "values": [
      [
        0,
        47,
        2,
        377,
        91,
        648,
        98,
        22,
        24,
        1359
      ],
      [
        47,
        0,
        16,
        38,
        10,
        25,
        102,
        6,
        34,
        50
      ],
      [
        2,
        16,
        0,
        1,
        1,
        4,
        5,
        0,
        6,
        4
      ],
      [
        377,
        38,
        1,
        0,
        37,
        155,
        67,
        19,
        16,
        486
      ],
      [
        91,
        10,
        1,
        37,
        0,
        72,
        18,
        32,
        4,
        90
      ],
      [
        648,
        25,
        4,
        155,
        72,
        0,
        32,
        18,
        13,
        23
      ],
      [
        98,
        102,
        5,
        67,
        18,
        32,
        0,
        8,
        36,
        120
      ],
      [
        22,
        6,
        0,
        19,
        32,
        18,
        8,
        0,
        2,
        72
      ],
      [
        24,
        34,
        6,
        16,
        4,
        13,
        36,
        2,
        0,
        27
      ],
      [
        1359,
        50,
        4,
        486,
        90,
        23,
        120,
        72,
        27,
        0
      ]
    ]
  },
  "peerDependencies": {
    "lattice": {
      "chai": {
        "count": 1,
        "relative": 0.3333333333333333
      },
      "karma": {
        "count": 1,
        "relative": 0.3333333333333333
      },
      "sinon": {
        "count": 1,
        "relative": 0.3333333333333333
      },
      "total": {
        "subset": 3,
        "absolute": 3
      }
    },
    "names": [
      "chai",
      "karma",
      "sinon"
    ],
    "matrix": [
      [
        0,
        0.8888888888888888,
        0.2222222222222222,
        0,
        0,
        0,
        0,
        0,
        0,
        0
      ],
      [
        0.8888888888888888,
        0,
        0.2222222222222222,
        0,
        0,
        0,
        0,
        0,
        0,
        0
      ],
      [
        0.3333333333333333,
        0.3333333333333333,
        0,
        0,
        0,
        0,
        0,
        0,
        0,
        0
      ]
    ],
    "values": [
      [
        0,
        4,
        2,
        0,
        0,
        0,
        0,
        0,
        0,
        0
      ],
      [
        4,
        0,
        2,
        0,
        0,
        0,
        0,
        0,
        0,
        0
      ],
      [
        2,
        2,
        0,
        0,
        0,
        0,
        0,
        0,
        0,
        0
      ]
    ]
  },
  "optionalDependencies": {
    "lattice": {
      "total": {
        "subset": 0,
        "absolute": 0
      }
    },
    "names": [],
    "matrix": [],
    "values": []
  },
  "devDependencies": {
    "lattice": {
      "chai": {
        "count": 588,
        "relative": 0.25333907798362776
      },
      "sinon": {
        "count": 566,
        "relative": 0.24386040499784575
      },
      "mocha": {
        "count": 526,
        "relative": 0.22662645411460577
      },
      "grunt": {
        "count": 159,
        "relative": 0.06850495476087894
      },
      "grunt-contrib-jshint": {
        "count": 95,
        "relative": 0.04093063334769496
      },
      "grunt-contrib-watch": {
        "count": 90,
        "relative": 0.03877638948728996
      },
      "coffee-script": {
        "count": 88,
        "relative": 0.037914691943127965
      },
      "grunt-mocha-test": {
        "count": 84,
        "relative": 0.03619129685480396
      },
      "jshint": {
        "count": 80,
        "relative": 0.034467901766479965
      },
      "chai-as-promised": {
        "count": 45,
        "relative": 0.01938819474364498
      },
      "total": {
        "subset": 2321,