{
  "dependencies": {
    "lattice": {
      "express": {
        "count": 444,
        "relative": 0.2740740740740741
      },
      "underscore": {
        "count": 214,
        "relative": 0.13209876543209875
      },
      "async": {
        "count": 160,
        "relative": 0.09876543209876543
      },
      "connect": {
        "count": 141,
        "relative": 0.08703703703703704
      },
      "commander": {
        "count": 124,
        "relative": 0.07654320987654321
      },
      "jade": {
        "count": 117,
        "relative": 0.07222222222222222
      },
      "socket.io-client": {
        "count": 114,
        "relative": 0.07037037037037037
      },
      "optimist": {
        "count": 109,
        "relative": 0.06728395061728396
      },
      "colors": {
        "count": 102,
        "relative": 0.06296296296296296
      },
      "redis": {
        "count": 95,
        "relative": 0.05864197530864197
      },
      "total": {
        "subset": 1620,
        "absolute": 6042
      }
    },
    "names": [
      "async",
      "colors",
      "commander",
      "connect",
      "express",
      "jade",
      "optimist",
      "redis",
      "socket.io-client",
      "underscore"
    ],
    "matrix": [
      [
        0,
        5.604746865728778,
        7.4229352091109195,
        0.4232223179251603,
        7.316704947841897,
        1.3438845822566752,
        6.822566752799312,
        1.3100775193798448,
        0.03275433055794813,
        44.187984496124024
      ],
      [
        6.605218025907681,
        0,
        6.4155396327810115,
        0.19424623907382527,
        1.4274518584863412,
        0.23865585244895585,
        4.399371382130003,
        0.0521354762734073,
        0.022106118657842795,
        4.647811447811448
      ],
      [
        10.200796529633873,
        7.481013745704467,
        0,
        0.6444359594416869,
        3.9134688812523866,
        0.8628865979381445,
        0.11060625344703238,
        0.05260701709728056,
        0.023969072164948455,
        8.959106529209622
      ],
      [
        1.595438495490309,
        0.6213452312416042,
        1.7677988869698713,
        0,
        2.7307081174438688,
        0.6670734983688352,
        0.9019382076376895,
        0.1516158127038956,
        0.043653809249664166,
        3.120345423143351
      ],
      [
        27.698056351129715,
        4.585261070720423,
        10.780458250716018,
        2.742189909671734,
        0,
        27.100274167095055,
        8.930141245012361,
        2.648446794448116,
        0.21746591270715526,
        38.03198942498347
      ],
      [
        2.6205749354005166,
        0.3948894631065173,
        1.2244186046511627,
        0.34506172839506166,
        13.95965044501866,
        0,
        0.5046224519092736,
        0.11663795578524258,
        0.0078847258110824,
        3.081528136663795
      ],
      [
        9.42821730821731,
        5.158711742045075,
        0.1112251645584979,
        0.3306336639669973,
        3.2599156732490067,
        0.35761337094670437,
        0,
        0.14842145175478513,
        0.00743925743925744,
        6.635949889283223
      ],
      [
        3.7820965842167253,
        0.12771379546016373,
        0.11051491224243482,
        0.11610972967470808,
        2.0197290930506475,
        0.1726795503788044,
        0.3100634006601812,
        0,
        0.024934927074699353,
        2.3384955430499206
      ],
      [
        0.37779230210602766,
        0.21635439360929556,
        0.20117647058823532,
        0.13356572258533042,
        0.6625853304284678,
        0.04663761801016703,
        0.06209150326797386,
        0.09962236746550474,
        0,
        0.5588235294117647
      ],
      [
        60.16540073982736,
        5.369822959005038,
        8.876646115906286,
        1.127025619947938,
        13.679112207151663,
        2.1516624804006637,
        6.538286218812317,
        1.1029188168851134,
        0.0659679408138101,
        0
      ]
    ],
    "values": [
      [
        0,
        484,
        557,
        133,
        553,
        237,
        534,
        234,
        37,
        1359
      ],
      [
        484,
        0,
        477,
        83,
        225,
        92,
        395,
        43,
        28,
        406
      ],
      [
        557,
        477,
        0,
        140,
        345,
        162,
        58,
        40,
        27,
        522
      ],
      [
        133,
        83,
        140,
        0,
        174,
        86,
        100,
        41,
        22,
        186
      ],
      [
        553,
        225,
        345,
        174,
        0,
        547,
        314,
        171,
        49,
        648
      ],
      [
        237,
        92,
        162,
        86,
        547,
        0,
        104,
        50,
        13,
        257
      ],
      [
        534,
        395,
        58,
        100,
        314,
        104,
        0,
        67,
        15,
        448
      ],
      [
        234,
        43,
        40,
        41,
        171,
        50,
        67,
        0,
        19,
        184
      ],
      [
        37,
        28,
        27,
        22,
        49,
        13,
        15,
        19,
        0,
        45
      ],
      [
        1359,
        406,
        522,
        186,
        648,
        257,
        448,
        184,
        45,
        0
      ]
    ]
  },
  "peerDependencies": {
    "lattice": {
      "lodash": {
        "count": 1,
        "relative": 0.1
      },
      "async": {
        "count": 1,
        "relative": 0.1
      },
      "cli-color": {
        "count": 1,
        "relative": 0.1
      },
      "connect": {
        "count": 1,
        "relative": 0.1
      },
      "grunt": {
        "count": 1,
        "relative": 0.1
      },
      "grunt-contrib-watch": {
        "count": 1,
        "relative": 0.1
      },
      "chokidar": {
        "count": 1,
        "relative": 0.1
      },
      "open": {
        "count": 1,
        "relative": 0.1
      },
      "path": {
        "count": 1,
        "relative": 0.1
      },
      "portscanner": {
        "count": 1,
        "relative": 0.1
      },
      "total": {
        "subset": 10,
        "absolute": 12
      }
    },
    "names": [
      "async",
      "chokidar",
      "cli-color",
      "connect",
      "grunt",
      "grunt-contrib-watch",
      "lodash",
      "open",
      "path",
      "portscanner"
    ],