{
  "devDependencies": {
    "lattice": {
      "total": {
        "subset": 0,
        "absolute": 0
      }
    },
    "names": [],
    "matrix": [],
    "values": []
  },
  "peerDependencies": {
    "lattice": {
      "total": {
        "subset": 0,
        "absolute": 0
      }
    },
    "names": [],
    "matrix": [],
    "values": []
  },
  "optionalDependencies": {
    "lattice": {
      "total": {
        "subset": 0,
        "absolute": 0
      }
    },
    "names": [],
    "matrix": [],
    "values": []
  },
  "dependencies": {
    "lattice": {
      "merge-recursive": {
        "count": 2,
        "relative": 0.18181818181818182
      },
      "mkdirp": {
        "count": 1,
        "relative": 0.09090909090909091
      },
      "checkout": {
        "count": 1,
        "relative": 0.09090909090909091
      },
      "chownr": {
        "count": 1,
        "relative": 0.09090909090909091
      },
      "fstream": {
        "count": 1,
        "relative": 0.09090909090909091
      },
      "async": {
        "count": 1,
        "relative": 0.09090909090909091
      },
      "buffered": {
        "count": 1,
        "relative": 0.09090909090909091
      },
      "rimraf": {
        "count": 1,
        "relative": 0.09090909090909091
      },
      "semver": {
        "count": 1,
        "relative": 0.09090909090909091
      },
      "tar": {
        "count": 1,
        "relative": 0.09090909090909091
      },
      "total": {
        "subset": 11,
        "absolute": 13
      }
    },
    "names": [
      "async",
      "buffered",
      "checkout",
      "chownr",
      "fstream",
      "merge-recursive",
      "mkdirp",
      "rimraf",
      "semver",
      "tar"
    ],
    "matrix": [
      [
        0,
        0.000389749585891065,
        0.00009743739647276625,
        0.00009743739647276625,
        0.15589983435642601,
        0.00155899834356426,
        21.707492935788757,
        3.5919321835720552,
        2.849166910260158,
        0.24359349118191564
      ],
      [
        0.027972027972027975,
        0,
        0.006993006993006994,
        0.006993006993006994,
        0.006993006993006994,
        0.027972027972027975,
        0.006993006993006994,
        0.027972027972027975,
        0.027972027972027975,
        0.006993006993006994
      ],
      [
        0.0101010101010101,
        0.0101010101010101,
        0,
        0.0101010101010101,
        0.0101010101010101,
        0.0101010101010101,
        0.0101010101010101,
        0.0101010101010101,
        0.0101010101010101,
        0.0101010101010101
      ],
      [
        0.001976284584980237,
        0.001976284584980237,
        0.001976284584980237,
        0,
        0.09683794466403163,
        0.001976284584980237,
        0.2391304347826087,
        0.16007905138339923,
        0.12648221343873517,
        0.09683794466403163
      ],
      [
        0.5726556907659269,
        0.00035790980672870435,
        0.00035790980672870435,
        0.017537580529706515,
        0,
        0.00035790980672870435,
        0.7247673586256262,
        0.5168217609162492,
        0.7247673586256262,
        2.067287043664997
      ],
      [
        0.1711229946524064,
        0.0427807486631016,
        0.0106951871657754,
        0.0106951871657754,
        0.0106951871657754,
        0,
        0.0427807486631016,
        0.09625668449197862,
        0.0427807486631016,
        0.0106951871657754
      ],
      [
        20.793727832742206,
        0.00009333582228859437,
        0.00009333582228859437,
        0.011293634496919919,
        0.18900504013440358,
        0.00037334328915437746,
        0,
        6.8041814448385285,
        1.1918051148030615,
        0.324901997386597
      ],
      [
        5.155804195804197,
        0.0005594405594405594,
        0.00013986013986013986,
        0.011328671328671328,
        0.20195804195804196,
        0.001258741258741259,
        10.195804195804197,
        0,
        0.8078321678321678,
        0.48685314685314685
      ],
      [
        5.549629910799013,
        0.0007591573353577528,
        0.0001897893338394382,
        0.012146517365724046,
        0.3843234010248624,
        0.0007591573353577528,
        2.4234200037957865,
        1.0962231922565953,
        0,
        0.7062061112165497
      ],
      [
        0.7215007215007214,
        0.0002886002886002886,
        0.0002886002886002886,
        0.014141414141414142,
        1.666955266955267,
        0.0002886002886002886,
        1.0046176046176045,
        1.0046176046176045,
        1.0738816738816739,
        0
      ]
    ],
    "values": [
      [
        0,
        2,
        1,
        1,
        40,
        4,
        472,
        192,
        171,
        50
      ],
      [
        2,
        0,
        1,
        1,
        1,
        2,
        1,
        2,
        2,
        1
      ],
      [
        1,
        1,
        0,
        1,
        1,
        1,
        1,
        1,
        1,
        1
      ],
      [
        1,
        1,
        1,
        0,
        7,
        1,
        11,
        9,
        8,
        7
      ],
      [
        40,
        1,
        1,
        7,
        0,
        1,
        45,
        38,
        45,
        76
      ],
      [
        4,
        2,
        1,
        1,
        1,
        0,
        2,
        3,
        2,
        1
      ],
      [
        472,
        1,
        1,
        11,
        45,
        2,
        0,
        270,
        113,
        59
      ],
      [
        192,
        2,
        1,
        9,
        38,
        3,
        270,
        0,
        76,
        59
      ],
      [
        171,
        2,
        1,
        8,
        45,
        2,
        113,
        76,
        0,
        61
      ],
      [
        50,
        1,
        1,
        7,
        76,
        1,
        59,
        59,
        61,
        0
      ]
    ]
  }
}