{
  "dependencies": {
    "lattice": {
      "async": {
        "count": 1359,
        "relative": 0.24464446444644464
      },
      "request": {
        "count": 786,
        "relative": 0.14149414941494148
      },
      "express": {
        "count": 648,
        "relative": 0.11665166516651665
      },
      "commander": {
        "count": 522,
        "relative": 0.09396939693969397
      },
      "coffee-script": {
        "count": 486,
        "relative": 0.08748874887488749
      },
      "optimist": {
        "count": 448,
        "relative": 0.08064806480648065
      },
      "colors": {
        "count": 406,
        "relative": 0.07308730873087309
      },
      "underscore.string": {
        "count": 318,
        "relative": 0.057245724572457246
      },
      "moment": {
        "count": 307,
        "relative": 0.055265526552655264
      },
      "mkdirp": {
        "count": 275,
        "relative": 0.04950495049504951
      },
      "total": {
        "subset": 5555,
        "absolute": 22662
      }
    },
    "names": [
      "async",
      "coffee-script",
      "colors",
      "commander",
      "express",
      "mkdirp",
      "moment",
      "optimist",
      "request",
      "underscore.string"
    ],
    "matrix": [
      [
        0,
        8.164140194249526,
        13.456077403936684,
        17.821249225180793,
        17.56620780180859,
        12.79710551003445,
        5.7359045883456625,
        16.3798630907937,
        40.24191777712639,
        0.9558883617875757
      ],
      [
        7.250547165503723,
        0,
        1.6163227518087084,
        2.1858923618309354,
        4.028104431434397,
        0.9297273750698686,
        0.21553350670344001,
        2.1022296515365824,
        1.9199571735599217,
        0.28695289354008285
      ],
      [
        7.048637543869661,
        0.953354586179079,
        0,
        6.846225717672632,
        1.5232791290656442,
        1.08622966043002,
        0.41189467649935024,
        4.694708663949969,
        2.947834725835696,
        0.07522366069459972
      ],
      [
        11.514183029677376,
        1.5902427683526645,
        8.444219161252619,
        0,
        4.417341023201846,
        5.10823134446146,
        0.6663959286923954,
        0.12484717666079405,
        3.895944475964184,
        0.12918936443407375
      ],
      [
        14.223735675002906,
        3.672620467788406,
        2.354661303450919,
        5.536070353446828,
        0,
        1.786798392757936,
        1.3441918354514877,
        4.58588021481574,
        6.196538314118493,
        0.1619076740209906
      ],
      [
        5.601275211320015,
        0.45821621268272084,
        0.9076326627076116,
        3.460594662818237,
        0.965861949323424,
        0,
        0.2128034032453525,
        1.2841619357466476,
        1.5966289366366806,
        0.030799169302405102
      ],
      [
        4.490312790432826,
        0.1899892999877693,
        0.6155653319603726,
        0.8074432829776061,
        1.2995717797979962,
        0.3806081503186934,
        0,
        0.34036189623844404,
        1.6924111939265527,
        0.13112634290280126
      ],
      [
        10.462820549570882,
        1.5120227946361513,
        5.7248017795410115,
        0.12343043221519605,
        3.6176417641764176,
        1.8740584886514131,
        0.2777184724841911,
        0,
        4.117711134170742,
        0.07763935629231714
      ],
      [
        34.63536504593855,
        1.8606826720407887,
        4.84348019707631,
        5.18989861250276,
        6.586498272468757,
        3.139568296452286,
        1.8606826720407887,
        5.548281243218661,
        0,
        0.11390723978058183
      ],
      [
        1.7164434281265966,
        0.5801931544505802,
        0.2578636242002579,
        0.359049310336439,
        0.359049310336439,
        0.12635317585812633,
        0.30077213126718083,
        0.21825577152309827,
        0.23764711606295766,
        0
      ]
    ],
    "values": [
      [
        0,
        377,
        484,
        557,
        553,
        472,
        316,
        534,
        837,
        129
      ],
      [
        377,
        0,
        178,
        207,
        281,
        135,
        65,
        203,
        194,
        75
      ],
      [
        484,
        178,
        0,
        477,
        225,
        190,
        117,
        395,
        313,
        50
      ],
      [
        557,
        207,
        477,
        0,
        345,
        371,
        134,
        58,
        324,
        59
      ],
      [
        553,
        281,
        225,
        345,
        0,
        196,
        170,
        314,
        365,
        59
      ],
      [
        472,
        135,
        190,
        371,
        196,
        0,
        92,
        226,
        252,
        35
      ],
      [
        316,
        65,
        117,
        134,
        170,
        92,
        0,
        87,
        194,
        54
      ],
      [
        534,
        203,
        395,
        58,
        314,
        226,
        87,
        0,
        335,
        46
      ],
      [
        837,
        194,
        313,
        324,
        365,
        252,
        194,
        335,
        0,
        48
      ],
      [
        129,
        75,
        50,
        59,
        59,
        35,
        54,
        46,
        48,
        0
      ]
    ]
  },
  "peerDependencies": {
    "lattice": {
      "backbone": {
        "count": 3,
        "relative": 0.25
      },
      "async": {
        "count": 1,
        "relative": 0.08333333333333333
      },
      "chai": {
        "count": 1,
        "relative": 0.08333333333333333
      },
      "ectypes": {
        "count": 1,
        "relative": 0.08333333333333333
      },
      "ectypes-postgres": {
        "count": 1,
        "relative": 0.08333333333333333
      },
      "handlebars": {
        "count": 1,
        "relative": 0.08333333333333333
      },
      "nconf": {
        "count": 1,
        "relative": 0.08333333333333333
      },
      "pg": {
        "count": 1,
        "relative": 0.08333333333333333
      },
      "sql": {
        "count": 1,
        "relative": 0.08333333333333333
      },
      "underscore.string": {
        "count": 1,
        "relative": 0.08333333333333333
      },
      "total": {
        "subset": 12,
        "absolute": 12
      }
    },
    "names": [
      "async",
      "backbone",
      "chai",
      "ectypes",
      "ectypes-postgres",
      "handlebars",
      "nconf",
      "pg",
      "sql",
      "underscore.string"
    ],