{
  "devDependencies": {
    "lattice": {
      "total": {
        "subset": 0,
        "absolute": 0
      }
    },
    "names": [],
    "matrix": [],
    "values": []
  },
  "peerDependencies": {
    "lattice": {
      "total": {
        "subset": 0,
        "absolute": 0
      }
    },
    "names": [],
    "matrix": [],
    "values": []
  },
  "optionalDependencies": {
    "lattice": {
      "total": {
        "subset": 0,
        "absolute": 0
      }
    },
    "names": [],
    "matrix": [],
    "values": []
  },
  "dependencies": {
    "lattice": {
      "async": {
        "count": 2,
        "relative": 0.13333333333333333
      },
      "merge-recursive": {
        "count": 2,
        "relative": 0.13333333333333333
      },
      "buffered": {
        "count": 2,
        "relative": 0.13333333333333333
      },
      "rimraf": {
        "count": 2,
        "relative": 0.13333333333333333
      },
      "semver": {
        "count": 2,
        "relative": 0.13333333333333333
      },
      "flatiron": {
        "count": 1,
        "relative": 0.06666666666666667
      },
      "fstream": {
        "count": 1,
        "relative": 0.06666666666666667
      },
      "uid-number": {
        "count": 1,
        "relative": 0.06666666666666667
      },
      "mkdirp": {
        "count": 1,
        "relative": 0.06666666666666667
      },
      "checkout": {
        "count": 1,
        "relative": 0.06666666666666667
      },
      "total": {
        "subset": 15,
        "absolute": 24
      }
    },
    "names": [
      "async",
      "buffered",
      "checkout",
      "flatiron",
      "fstream",
      "merge-recursive",
      "mkdirp",
      "rimraf",
      "semver",
      "uid-number"
    ],
    "matrix": [
      [
        0,
        0.0005893186003683242,
        0.00014732965009208105,
        0.05318600368324125,
        0.23572744014732963,
        0.002357274401473297,
        32.82268876611418,
        5.431160220994475,
        4.308066298342541,
        0.002357274401473297
      ],
      [
        0.041025641025641026,
        0,
        0.010256410256410256,
        0.010256410256410256,
        0.010256410256410256,
        0.041025641025641026,
        0.010256410256410256,
        0.041025641025641026,
        0.041025641025641026,
        0.010256410256410256
      ],
      [
        0.008333333333333333,
        0.008333333333333333,
        0,
        0,
        0.008333333333333333,
        0.008333333333333333,
        0.008333333333333333,
        0.008333333333333333,
        0.008333333333333333,
        0.008333333333333333
      ],
      [
        0.5231884057971015,
        0.0014492753623188406,
        0,
        0,
        0.05217391304347826,
        0.0014492753623188406,
        0.02318840579710145,
        0.005797101449275362,
        0.24492753623188404,
        0
      ],
      [
        0.5734767025089605,
        0.00035842293906810036,
        0.00035842293906810036,
        0.012903225806451613,
        0,
        0.00035842293906810036,
        0.7258064516129032,
        0.5175627240143369,
        0.7258064516129032,
        0.02903225806451613
      ],
      [
        0.12549019607843137,
        0.03137254901960784,
        0.00784313725490196,
        0.00784313725490196,
        0.00784313725490196,
        0,
        0.03137254901960784,
        0.07058823529411765,
        0.03137254901960784,
        0.00784313725490196
      ],
      [
        16.16133478418571,
        0.00007254261878853827,
        0.00007254261878853827,
        0.0011606819006166123,
        0.14689880304679,
        0.0002901704751541531,
        0,
        5.288356909684439,
        0.9262966993108451,
        0.008777656873413128
      ],
      [
        8.274747474747475,
        0.0008978675645342311,
        0.00022446689113355778,
        0.0008978675645342311,
        0.32413019079685745,
        0.00202020202020202,
        16.363636363636363,
        0,
        1.2965207631874298,
        0.022446689113355782
      ],
      [
        9.045939675174015,
        0.0012374323279195668,
        0.0003093580819798917,
        0.0522815158546017,
        0.6264501160092807,
        0.0012374323279195668,
        3.9501933488012373,
        1.7868522815158545,
        0,
        0.01979891724671307
      ],
      [
        0.023703703703703706,
        0.0014814814814814816,
        0.0014814814814814816,
        0,
        0.12,
        0.0014814814814814816,
        0.17925925925925923,
        0.14814814814814814,
        0.09481481481481482,
        0
      ]
    ],
    "values": [
      [
        0,
        2,
        1,
        19,
        40,
        4,
        472,
        192,
        171,
        4
      ],
      [
        2,
        0,
        1,
        1,
        1,
        2,
        1,
        2,
        2,
        1
      ],
      [
        1,
        1,
        0,
        0,
        1,
        1,
        1,
        1,
        1,
        1
      ],
      [
        19,
        1,
        0,
        0,
        6,
        1,
        4,
        2,
        13,
        0
      ],
      [
        40,
        1,
        1,
        6,
        0,
        1,
        45,
        38,
        45,
        9
      ],
      [
        4,
        2,
        1,
        1,
        1,
        0,
        2,
        3,
        2,
        1
      ],
      [
        472,
        1,
        1,
        4,
        45,
        2,
        0,
        270,
        113,
        11
      ],
      [
        192,
        2,
        1,
        2,
        38,
        3,
        270,
        0,
        76,
        10
      ],
      [
        171,
        2,
        1,
        13,
        45,
        2,
        113,
        76,
        0,
        8
      ],
      [
        4,
        1,
        1,
        0,
        9,
        1,
        11,
        10,
        8,
        0
      ]
    ]
  }
}