{
  "dependencies": {
    "lattice": {
      "async": {
        "count": 240,
        "relative": 0.18867924528301888
      },
      "underscore": {
        "count": 207,
        "relative": 0.16273584905660377
      },
      "express": {
        "count": 163,
        "relative": 0.1281446540880503
      },
      "request": {
        "count": 133,
        "relative": 0.10455974842767296
      },
      "optimist": {
        "count": 126,
        "relative": 0.09905660377358491
      },
      "commander": {
        "count": 88,
        "relative": 0.06918238993710692
      },
      "colors": {
        "count": 82,
        "relative": 0.06446540880503145
      },
      "lodash": {
        "count": 82,
        "relative": 0.06446540880503145
      },
      "moment": {
        "count": 82,
        "relative": 0.06446540880503145
      },
      "redis": {
        "count": 69,
        "relative": 0.054245283018867926
      },
      "total": {
        "subset": 1272,
        "absolute": 5330
      }
    },
    "names": [
      "async",
      "colors",
      "commander",
      "express",
      "lodash",
      "moment",
      "optimist",
      "redis",
      "request",
      "underscore"
    ],
    "matrix": [
      [
        0,
        8.004209576787192,
        10.600787245529032,
        10.449078471704947,
        14.347549766628171,
        3.4119439907607987,
        9.743393492923675,
        1.8709382025927168,
        23.93749188494735,
        63.1054170966221
      ],
      [
        5.709417317592229,
        0,
        5.545463137996219,
        1.2338606127617076,
        0.8341507056151989,
        0.33363590969076573,
        3.8027279428374414,
        0.04506485477523749,
        2.3877548715388,
        4.017474527707434
      ],
      [
        8.111779023279473,
        5.948979591836735,
        0,
        3.1120309759123774,
        0.9339622641509434,
        0.4694780777440256,
        0.08795523800016163,
        0.04183364470875702,
        2.744705429341548,
        7.124374278013092
      ],
      [
        13.141444843062569,
        2.1754940017463267,
        5.1148281196613645,
        0,
        1.567687835609042,
        1.2419116375401256,
        4.236938401899869,
        1.2565653354086783,
        5.72504075817589,
        18.044417448084737
      ],
      [
        14.128018277070943,
        1.1515285054030278,
        1.2018626659313822,
        1.2274334961463216,
        0,
        0.8293360446947913,
        0.9271444702669345,
        0.12519613056551254,
        2.947912973831751,
        0.017798643662767035
      ],
      [
        4.153069588151755,
        0.5693335362142422,
        0.746800568066545,
        1.2019679448163927,
        1.0251663623453033,
        0,
        0.31479914790018254,
        0.19231487117062282,
        1.5653033069588151,
        3.9198711706228444
      ],
      [
        11.749827331805482,
        6.42899609141996,
        0.13861331742692995,
        4.062639311838759,
        1.1354425014912253,
        0.31187996421059244,
        0,
        0.18496884123944368,
        4.624221030986092,
        8.269990267792673
      ],
      [
        3.110214363331028,
        0.10502568408574534,
        0.090882149560407,
        1.660928084559913,
        0.21135779907142155,
        0.2626494122295762,
        0.25498123086041685,
        0,
        0.42992936876420035,
        1.9230662846982118
      ],
      [
        20.710013682846032,
        2.8961306173906394,
        3.103269480051851,
        3.9383580673669014,
        2.5900782918402587,
        1.1125843064246252,
        3.317562275175459,
        0.2237525405284299,
        0,
        18.263102725366878
      ],
      [
        64.179745385759,
        5.728107284880277,
        9.46891204235311,
        14.591807380368174,
        0.018382930632274905,
        3.2751849322519426,
        6.974532532363144,
        1.176507560465594,
        21.46862195254614,
        0
      ]
    ],
    "values": [
      [
        0,
        484,
        557,
        553,
        648,
        316,
        534,
        234,
        837,
        1359
      ],
      [
        484,
        0,
        477,
        225,
        185,
        117,
        395,
        43,
        313,
        406
      ],
      [
        557,
        477,
        0,
        345,
        189,
        134,
        58,
        40,
        324,
        522
      ],
      [
        553,
        225,
        345,
        0,
        191,
        170,
        314,
        171,
        365,
        648
      ],
      [
        648,
        185,
        189,
        191,
        0,
        157,
        166,
        61,
        296,
        23
      ],
      [
        316,
        117,
        134,
        170,
        157,
        0,
        87,
        68,
        194,
        307
      ],
      [
        534,
        395,
        58,
        314,
        166,
        87,
        0,
        67,
        335,
        448
      ],
      [
        234,
        43,
        40,
        171,
        61,
        68,
        67,
        0,
        87,
        184
      ],
      [
        837,
        313,
        324,
        365,
        296,
        194,
        335,
        87,
        0,
        786
      ],
      [
        1359,
        406,
        522,
        648,
        23,
        307,
        448,
        184,
        786,
        0
      ]
    ]
  },
  "peerDependencies": {
    "lattice": {
      "godot": {
        "count": 1,
        "relative": 0.25
      },
      "mysql": {
        "count": 1,
        "relative": 0.25
      },
      "nodemailer": {
        "count": 1,
        "relative": 0.25
      },
      "tagged-logger": {
        "count": 1,
        "relative": 0.25
      },
      "total": {
        "subset": 4,
        "absolute": 4
      }
    },
    "names": [
      "godot",
      "mysql",
      "nodemailer",
      "tagged-logger"
    ],
    "matrix": [
      [
        0,
        0,
        0,
        0,
        0,
        0,
        0,
        0,
        0,
        0
      ],
      [
        0,
        0,
        0,
        0,
        0,
        0,
        0,
        0,
        0,
        0
      ],
      [
        0,
        0,
        0,
        0,
        0,
        0,
        0,
        0,
        0,
        0
      ],
      [
        0,
        0,
        0,
        0,
        0,
        0,
        0,
        0,
        0,
        0
      ]
    ],
    "values": [
      [
        0,
        0,
        0,
        0,
        0,
        0,
        0,
        0,
        0,
        0
      ],
      [
        0,
        0,
        0,
        0,
        0,
        0,
        0,
        0,
        0,
        0
      ],
      [
        0,
        0,
        0,
        0,
        0,
        0,
        0,
        0,
        0,
        0
      ],
      [
        0,
        0,
        0,
        0,
        0,
        0,
        0,
        0,
        0,
        0
      ]
    ]
  },
  "optionalDependencies": {
    "lattice": {
      "debug": {
        "count": 1,
        "relative": 1
      },
      "total": {
        "subset": 1,
        "absolute": 1
      }
    },
    "names": [
      "debug"
    ],
    "matrix": [
      [
        0,
        0,
        0,
        0,
        0,
        0,
        0,
        0,
        0,
        0
      ]
    ],
    "values": [
      [
        0,
        0,
        0,
        0,
        0,
        0,
        0,
        0,
        0,
        0
      ]
    ]
  },
  "devDependencies": {
    "lattice": {
      "mocha": {
        "count": 35,
        "relative": 0.2755905511811024
      },
      "vows": {
        "count": 31,
        "relative": 0.2440944881889764
      },
      "chai": {
        "count": 13,
        "relative": 0.10236220472440945
      },
      "should": {
        "count": 13,
        "relative": 0.10236220472440945
      },
      "sinon": {
        "count": 10,